site_id	major_allele	minor_allele	sample_counts	snp_type	rc_A	rc_C	rc_G	rc_T	sc_A	sc_C	sc_G	sc_T	locus_type	gene_id	site_type	amino_acids
gnl|Prokka|UHGG000299_1|90|T	G	T	19	bi	0	0	133	100	0	0	14	11	IGR	None	None	None
gnl|Prokka|UHGG000299_1|111|C	C	A	24	bi	29	299	0	0	3	22	0	0	IGR	None	None	None
gnl|Prokka|UHGG000299_1|140|G	G	A	23	bi	152	0	200	0	14	0	18	0	IGR	None	None	None
gnl|Prokka|UHGG000299_1|188|A	A	T	20	tri	148	0	25	99	13	0	2	10	IGR	None	None	None
gnl|Prokka|UHGG000299_1|197|C	C	T	23	bi	0	239	0	44	0	21	0	3	IGR	None	None	None
gnl|Prokka|UHGG000299_1|201|A	A	G	18	bi	221	0	23	0	17	0	4	0	IGR	None	None	None
gnl|Prokka|UHGG000299_1|218|A	A	T	18	bi	230	0	0	18	16	0	0	3	IGR	None	None	None
gnl|Prokka|UHGG000299_1|220|T	T	C	20	bi	0	24	0	231	0	4	0	17	IGR	None	None	None
gnl|Prokka|UHGG000299_1|222|G	G	A	19	bi	26	0	229	0	4	0	16	0	IGR	None	None	None
gnl|Prokka|UHGG000299_1|224|A	A	G	18	bi	225	0	25	0	15	0	4	0	IGR	None	None	None
gnl|Prokka|UHGG000299_1|422|T	T	C	24	bi	0	7	0	438	0	2	0	24	tRNA	UHGG000299_00002	None	None
gnl|Prokka|UHGG000299_1|424|T	T	C	27	bi	0	8	0	462	0	2	0	27	IGR	None	None	None
gnl|Prokka|UHGG000299_1|425|G	G	A	27	bi	8	0	470	0	2	0	27	0	IGR	None	None	None
gnl|Prokka|UHGG000299_1|428|G	G	A	26	bi	8	0	465	0	2	0	26	0	IGR	None	None	None
gnl|Prokka|UHGG000299_1|429|A	A	G	26	bi	465	0	8	0	26	0	2	0	IGR	None	None	None
gnl|Prokka|UHGG000299_1|563|T	C	T	19	bi	0	349	0	42	0	15	0	4	tRNA	UHGG000299_00004	None	None
gnl|Prokka|UHGG000299_1|642|T	C	T	21	bi	0	377	0	29	0	19	0	2	tRNA	UHGG000299_00005	None	None
gnl|Prokka|UHGG000299_1|739|T	T	G	20	bi	0	0	6	385	0	0	2	20	IGR	None	None	None
gnl|Prokka|UHGG000299_1|1019|A	A	G	20	bi	373	0	38	0	17	0	3	0	IGR	None	None	None
gnl|Prokka|UHGG000299_1|1020|C	C	T	20	bi	0	265	0	151	0	10	0	10	IGR	None	None	None
gnl|Prokka|UHGG000299_1|1024|G	G	A	20	bi	151	0	264	0	10	0	11	0	IGR	None	None	None
gnl|Prokka|UHGG000299_1|1131|T	T	C	19	bi	0	74	0	289	0	6	0	14	IGR	None	None	None
gnl|Prokka|UHGG000299_1|1133|C	C	T	21	bi	0	282	0	76	0	15	0	8	IGR	None	None	None
gnl|Prokka|UHGG000299_1|1134|A	A	G	18	bi	279	0	66	0	13	0	5	0	IGR	None	None	None
gnl|Prokka|UHGG000299_1|1137|T	T	C	21	bi	0	251	0	122	0	8	0	13	IGR	None	None	None
gnl|Prokka|UHGG000299_1|1448|A	A	T	22	bi	346	0	0	112	14	0	0	8	CDS	UHGG000299_00010	1D	Y,S,C,F
gnl|Prokka|UHGG000299_1|1470|T	C	T	21	bi	0	283	0	170	0	11	0	10	CDS	UHGG000299_00010	3D	R,S,R,S
gnl|Prokka|UHGG000299_1|1732|T	T	G	20	bi	0	0	65	342	0	0	3	17	IGR	None	None	None
gnl|Prokka|UHGG000299_1|1958|G	G	A	23	bi	13	0	377	0	2	0	21	0	CDS	UHGG000299_00011	3D	L,F,L,F
gnl|Prokka|UHGG000299_1|2015|T	G	T	19	bi	0	0	344	18	0	0	17	2	CDS	UHGG000299_00011	3D	E,D,E,D
gnl|Prokka|UHGG000299_1|2028|T	C	T	20	bi	0	359	0	21	0	18	0	2	CDS	UHGG000299_00011	2D	M,L,V,L
gnl|Prokka|UHGG000299_1|2333|G	G	A	22	bi	50	0	390	0	5	0	17	0	CDS	UHGG000299_00011	3D	L,F,L,F
gnl|Prokka|UHGG000299_1|2385|G	G	A	19	bi	58	0	360	0	4	0	15	0	CDS	UHGG000299_00011	1D	N,H,D,Y
gnl|Prokka|UHGG000299_1|2475|A	A	G	18	bi	331	0	38	0	15	0	3	0	CDS	UHGG000299_00011	1D	K,Q,E,_
gnl|Prokka|UHGG000299_1|2481|A	A	G	18	bi	356	0	13	0	16	0	2	0	CDS	UHGG000299_00011	1D	N,H,D,Y
gnl|Prokka|UHGG000299_1|2491|A	A	G	17	bi	342	0	12	0	15	0	2	0	CDS	UHGG000299_00011	1D	K,T,R,I
gnl|Prokka|UHGG000299_1|2492|A	A	G	18	bi	257	0	108	0	10	0	8	0	CDS	UHGG000299_00011	3D	K,N,K,N
gnl|Prokka|UHGG000299_1|2528|T	T	A	18	bi	12	0	0	362	2	0	0	16	CDS	UHGG000299_00011	4D	V,V,V,V
gnl|Prokka|UHGG000299_1|2739|C	C	T	21	bi	0	268	0	141	0	13	0	8	CDS	UHGG000299_00012	4D	V,V,V,V
gnl|Prokka|UHGG000299_1|2748|T	T	C	21	bi	0	46	0	362	0	5	0	16	CDS	UHGG000299_00012	3D	R,S,R,S
gnl|Prokka|UHGG000299_1|2757|C	C	T	21	bi	0	351	0	40	0	19	0	2	CDS	UHGG000299_00012	3D	E,D,E,D
gnl|Prokka|UHGG000299_1|2763|T	T	C	21	bi	0	38	0	345	0	4	0	17	CDS	UHGG000299_00012	3D	R,S,R,S
gnl|Prokka|UHGG000299_1|2796|T	T	C	19	bi	0	113	0	255	0	5	0	14	CDS	UHGG000299_00012	3D	_,Y,_,Y
gnl|Prokka|UHGG000299_1|2802|G	G	A	20	bi	119	0	266	0	5	0	15	0	CDS	UHGG000299_00012	3D	Q,H,Q,H
gnl|Prokka|UHGG000299_1|2826|A	A	G	19	bi	329	0	43	0	14	0	5	0	CDS	UHGG000299_00012	3D	E,D,E,D
gnl|Prokka|UHGG000299_1|2916|G	G	A	20	bi	142	0	263	0	7	0	13	0	CDS	UHGG000299_00012	3D	K,N,K,N
gnl|Prokka|UHGG000299_1|2925|G	G	A	22	bi	136	0	266	0	8	0	14	0	CDS	UHGG000299_00012	3D	E,D,E,D
gnl|Prokka|UHGG000299_1|2926|C	C	T	21	bi	0	302	0	97	0	13	0	8	CDS	UHGG000299_00012	1D	N,H,D,Y
gnl|Prokka|UHGG000299_1|2928|C	C	T	22	bi	0	270	0	143	0	14	0	8	CDS	UHGG000299_00012	3D	Q,H,Q,H
gnl|Prokka|UHGG000299_1|2946|G	G	A	20	bi	29	0	377	0	3	0	17	0	CDS	UHGG000299_00012	3D	Q,H,Q,H
gnl|Prokka|UHGG000299_1|2949|A	A	G	20	bi	380	0	35	0	17	0	3	0	CDS	UHGG000299_00012	4D	A,A,A,A
gnl|Prokka|UHGG000299_1|2982|A	A	G	21	bi	356	0	50	0	17	0	4	0	CDS	UHGG000299_00012	3D	R,S,R,S
gnl|Prokka|UHGG000299_1|2997|C	T	C	21	bi	0	202	0	198	0	9	0	12	CDS	UHGG000299_00012	3D	E,D,E,D
gnl|Prokka|UHGG000299_1|3057|G	G	A	20	bi	39	0	328	0	2	0	18	0	CDS	UHGG000299_00012	3D	K,N,K,N
gnl|Prokka|UHGG000299_1|3087|T	C	T	23	bi	0	156	0	207	0	12	0	11	CDS	UHGG000299_00012	3D	I,I,M,I
gnl|Prokka|UHGG000299_1|3099|C	C	T	22	bi	0	284	0	80	0	17	0	5	CDS	UHGG000299_00012	3D	_,Y,_,Y
gnl|Prokka|UHGG000299_1|3180|C	T	C	23	bi	0	174	0	187	0	8	0	15	CDS	UHGG000299_00012	3D	I,I,M,I
gnl|Prokka|UHGG000299_1|3199|T	T	C	22	bi	0	52	0	302	0	2	0	20	CDS	UHGG000299_00012	2D	I,L,V,L
gnl|Prokka|UHGG000299_1|3207|T	T	C	22	bi	0	57	0	279	0	3	0	19	CDS	UHGG000299_00012	3D	R,S,R,S
gnl|Prokka|UHGG000299_1|3253|A	G	A	22	bi	179	0	150	0	9	0	13	0	CDS	UHGG000299_00012	2D	I,L,V,L
gnl|Prokka|UHGG000299_1|3259|C	T	C	26	bi	0	190	0	166	0	10	0	16	CDS	UHGG000299_00012	1D	T,P,A,S
gnl|Prokka|UHGG000299_1|3278|G	A	G	24	bi	160	0	208	0	15	0	9	0	CDS	UHGG000299_00012	1D	N,T,S,I
gnl|Prokka|UHGG000299_1|3279|T	G	T	24	bi	0	0	160	200	0	0	15	9	CDS	UHGG000299_00012	3D	R,S,R,S
gnl|Prokka|UHGG000299_1|3285|G	A	G	25	bi	160	0	205	0	15	0	10	0	CDS	UHGG000299_00012	4D	V,V,V,V
gnl|Prokka|UHGG000299_1|3387|G	G	A	22	bi	55	0	274	0	6	0	16	0	CDS	UHGG000299_00012	4D	G,G,G,G
gnl|Prokka|UHGG000299_1|3415|T	T	C	23	bi	0	97	0	269	0	7	0	16	CDS	UHGG000299_00012	2D	M,L,V,L
gnl|Prokka|UHGG000299_1|3417|G	A	G	22	bi	152	0	210	0	12	0	10	0	CDS	UHGG000299_00012	3D	L,F,L,F
gnl|Prokka|UHGG000299_1|3511|A	A	T	24	bi	302	0	0	51	17	0	0	7	CDS	UHGG000299_00013	4D	T,T,T,T
gnl|Prokka|UHGG000299_1|3601|A	A	G	21	bi	298	0	56	0	15	0	6	0	CDS	UHGG000299_00013	4D	A,A,A,A
gnl|Prokka|UHGG000299_1|3715|G	G	A	19	bi	48	0	283	0	5	0	14	0	CDS	UHGG000299_00013	4D	A,A,A,A
gnl|Prokka|UHGG000299_1|3751|A	A	T	15	bi	205	0	0	75	10	0	0	5	CDS	UHGG000299_00013	4D	G,G,G,G
gnl|Prokka|UHGG000299_1|3862|A	A	G	23	bi	273	0	90	0	14	0	9	0	CDS	UHGG000299_00013	4D	T,T,T,T
gnl|Prokka|UHGG000299_1|3871|A	A	C	22	bi	275	87	0	0	14	9	0	0	CDS	UHGG000299_00013	4D	V,V,V,V
gnl|Prokka|UHGG000299_1|3904|A	A	G	20	bi	295	0	69	0	13	0	7	0	CDS	UHGG000299_00013	3D	K,N,K,N
gnl|Prokka|UHGG000299_1|4035|C	C	T	22	bi	0	292	0	64	0	17	0	5	CDS	UHGG000299_00013	1D	K,T,R,M
gnl|Prokka|UHGG000299_1|4076|C	C	T	23	bi	0	369	0	39	0	19	0	4	CDS	UHGG000299_00013	2D	I,L,V,L
gnl|Prokka|UHGG000299_1|4084|C	T	C	24	bi	0	221	0	181	0	9	0	15	CDS	UHGG000299_00013	4D	L,L,L,L
gnl|Prokka|UHGG000299_1|4296|C	C	A	24	bi	52	318	0	0	6	18	0	0	CDS	UHGG000299_00013	1D	K,T,R,M
gnl|Prokka|UHGG000299_1|4316|A	G	A	21	bi	207	0	168	0	8	0	13	0	IGR	None	None	None
gnl|Prokka|UHGG000299_1|4320|G	A	G	19	bi	142	0	204	0	11	0	8	0	IGR	None	None	None
gnl|Prokka|UHGG000299_1|4325|T	T	C	21	bi	0	44	0	319	0	5	0	16	IGR	None	None	None
gnl|Prokka|UHGG000299_1|4355|C	G	C	18	bi	0	207	135	0	0	7	11	0	CDS	UHGG000299_00014	3D	K,N,K,N
gnl|Prokka|UHGG000299_1|4361|T	T	C	19	bi	0	55	0	300	0	4	0	15	CDS	UHGG000299_00014	3D	L,F,L,F
gnl|Prokka|UHGG000299_1|4725|G	G	T	22	bi	0	0	302	121	0	0	13	9	CDS	UHGG000299_00014	1D	I,L,V,F
gnl|Prokka|UHGG000299_1|4734|G	G	A	24	bi	114	0	319	0	9	0	15	0	CDS	UHGG000299_00014	1D	I,L,V,F
gnl|Prokka|UHGG000299_1|4757|C	C	T	20	bi	0	294	0	96	0	13	0	7	CDS	UHGG000299_00014	4D	A,A,A,A
gnl|Prokka|UHGG000299_1|4800|A	A	G	18	bi	248	0	81	0	10	0	8	0	CDS	UHGG000299_00014	1D	K,Q,E,_
gnl|Prokka|UHGG000299_1|4835|T	T	C	20	bi	0	20	0	313	0	2	0	18	CDS	UHGG000299_00014	3D	I,I,M,I
gnl|Prokka|UHGG000299_1|4841|A	A	G	19	bi	243	0	80	0	12	0	7	0	CDS	UHGG000299_00014	4D	V,V,V,V
gnl|Prokka|UHGG000299_1|4844|G	G	A	19	bi	137	0	199	0	9	0	10	0	CDS	UHGG000299_00014	4D	A,A,A,A
gnl|Prokka|UHGG000299_1|4877|T	C	T	18	bi	0	135	0	185	0	10	0	8	CDS	UHGG000299_00014	3D	L,F,L,F
gnl|Prokka|UHGG000299_1|4913|G	G	A	17	bi	24	0	325	0	2	0	16	0	CDS	UHGG000299_00014	3D	K,N,K,N
gnl|Prokka|UHGG000299_1|4916|A	G	A	16	bi	195	0	146	0	6	0	10	0	CDS	UHGG000299_00014	3D	I,I,M,I
gnl|Prokka|UHGG000299_1|4922|T	A	T	16	bi	152	0	0	192	10	0	0	6	CDS	UHGG000299_00014	3D	I,I,M,I
gnl|Prokka|UHGG000299_1|4949|G	A	G	18	bi	160	0	193	0	12	0	6	0	CDS	UHGG000299_00014	3D	L,F,L,F
gnl|Prokka|UHGG000299_1|4995|C	C	G	16	bi	0	320	59	0	0	11	5	0	CDS	UHGG000299_00014	2D	M,L,V,L
gnl|Prokka|UHGG000299_1|5036|C	C	A	19	bi	12	393	0	0	2	17	0	0	CDS	UHGG000299_00014	4D	T,T,T,T
gnl|Prokka|UHGG000299_1|5779|T	C	T	21	bi	0	172	0	212	0	13	0	8	CDS	UHGG000299_00015	3D	D,E,D,E
gnl|Prokka|UHGG000299_1|5974|G	G	A	22	bi	70	0	317	0	4	0	18	0	CDS	UHGG000299_00015	4D	S,S,S,S
gnl|Prokka|UHGG000299_1|6016|T	T	A	19	bi	85	0	0	254	6	0	0	13	CDS	UHGG000299_00015	4D	T,T,T,T
gnl|Prokka|UHGG000299_1|6061|G	G	A	22	bi	79	0	290	0	8	0	15	0	CDS	UHGG000299_00015	3D	I,M,I,I
gnl|Prokka|UHGG000299_1|6073|C	C	T	21	bi	0	290	0	55	0	16	0	5	CDS	UHGG000299_00015	4D	A,A,A,A
gnl|Prokka|UHGG000299_1|6109|T	T	C	20	bi	0	58	0	292	0	5	0	15	CDS	UHGG000299_00015	3D	N,K,N,K
gnl|Prokka|UHGG000299_1|6124|G	A	G	21	bi	150	0	195	0	13	0	10	0	CDS	UHGG000299_00015	3D	N,K,N,K
gnl|Prokka|UHGG000299_1|6145|A	A	G	20	bi	252	0	109	0	11	0	9	0	CDS	UHGG000299_00015	4D	T,T,T,T
gnl|Prokka|UHGG000299_1|6160|G	A	G	21	bi	114	0	249	0	11	0	10	0	CDS	UHGG000299_00015	4D	L,L,L,L
gnl|Prokka|UHGG000299_1|6196|G	G	A	23	bi	106	0	271	0	10	0	13	0	CDS	UHGG000299_00015	4D	A,A,A,A
gnl|Prokka|UHGG000299_1|6205|G	G	A	24	bi	14	0	379	0	2	0	22	0	CDS	UHGG000299_00015	3D	I,M,I,I
gnl|Prokka|UHGG000299_1|6208|T	T	A	24	tri	89	15	0	281	7	2	0	15	CDS	UHGG000299_00015	4D	S,S,S,S
gnl|Prokka|UHGG000299_1|6244|T	T	G	25	bi	0	0	89	323	0	0	7	18	CDS	UHGG000299_00015	4D	G,G,G,G
gnl|Prokka|UHGG000299_1|6262|G	A	G	28	bi	147	0	294	0	14	0	14	0	CDS	UHGG000299_00015	4D	G,G,G,G
gnl|Prokka|UHGG000299_1|6325|C	C	T	21	bi	0	349	0	90	0	15	0	6	CDS	UHGG000299_00015	3D	N,K,N,K
gnl|Prokka|UHGG000299_1|6334|A	A	G	21	bi	322	0	85	0	15	0	6	0	CDS	UHGG000299_00015	4D	V,V,V,V
gnl|Prokka|UHGG000299_1|6346|G	G	A	24	bi	87	0	321	0	5	0	19	0	CDS	UHGG000299_00015	3D	N,K,N,K
gnl|Prokka|UHGG000299_1|6472|A	A	G	21	bi	329	0	84	0	16	0	5	0	CDS	UHGG000299_00015	3D	I,M,I,I
gnl|Prokka|UHGG000299_1|6592|C	C	T	25	bi	0	281	0	94	0	18	0	7	CDS	UHGG000299_00015	3D	H,Q,H,Q
gnl|Prokka|UHGG000299_1|7006|G	G	A	19	bi	78	0	239	0	5	0	14	0	CDS	UHGG000299_00015	3D	N,K,N,K
gnl|Prokka|UHGG000299_1|7237|A	A	G	22	bi	365	0	16	0	21	0	2	0	CDS	UHGG000299_00015	4D	S,S,S,S
gnl|Prokka|UHGG000299_1|7851|A	C	A	27	bi	224	179	0	0	9	18	0	0	CDS	UHGG000299_00016	3D	N,K,N,K
gnl|Prokka|UHGG000299_1|7852|T	G	T	24	bi	0	0	164	221	0	0	15	9	CDS	UHGG000299_00016	1D	I,S,T,N
gnl|Prokka|UHGG000299_1|7944|G	G	A	22	bi	64	0	267	0	6	0	16	0	CDS	UHGG000299_00016	3D	N,K,N,K
gnl|Prokka|UHGG000299_1|8039|A	G	A	22	bi	211	0	160	0	9	0	13	0	CDS	UHGG000299_00016	2D	L,V,L,M
gnl|Prokka|UHGG000299_1|8136|C	C	T	19	bi	0	288	0	60	0	13	0	6	CDS	UHGG000299_00016	4D	P,P,P,P
gnl|Prokka|UHGG000299_1|8223|T	T	C	19	bi	0	66	0	255	0	4	0	15	CDS	UHGG000299_00016	3D	H,Q,H,Q
gnl|Prokka|UHGG000299_1|8503|T	T	G	16	bi	0	0	25	211	0	0	2	14	IGR	None	None	None
gnl|Prokka|UHGG000299_1|8528|G	G	C	18	bi	0	26	236	0	0	2	16	0	IGR	None	None	None
gnl|Prokka|UHGG000299_1|8535|A	A	T	18	bi	232	0	0	34	15	0	0	3	IGR	None	None	None
gnl|Prokka|UHGG000299_1|8780|C	C	T	23	bi	0	297	0	72	0	18	0	5	CDS	UHGG000299_00017	3D	I,I,M,I
gnl|Prokka|UHGG000299_1|9158|T	G	T	19	bi	0	0	148	203	0	0	13	6	CDS	UHGG000299_00017	4D	A,A,A,A
gnl|Prokka|UHGG000299_1|9206|A	G	A	17	bi	191	0	105	0	8	0	9	0	CDS	UHGG000299_00017	4D	T,T,T,T
gnl|Prokka|UHGG000299_1|9460|T	T	A	21	bi	74	0	0	288	5	0	0	16	CDS	UHGG000299_00017	1D	E,A,G,V
gnl|Prokka|UHGG000299_1|9469|C	C	T	20	bi	0	355	0	16	0	18	0	2	CDS	UHGG000299_00017	1D	N,T,S,I
gnl|Prokka|UHGG000299_1|9490|A	A	G	22	bi	309	0	53	0	19	0	3	0	CDS	UHGG000299_00017	1D	K,T,R,I
gnl|Prokka|UHGG000299_1|9501|G	G	A	23	bi	63	0	292	0	5	0	18	0	IGR	None	None	None
gnl|Prokka|UHGG000299_1|9693|A	A	G	21	bi	268	0	46	0	17	0	4	0	CDS	UHGG000299_00018	4D	S,S,S,S
gnl|Prokka|UHGG000299_1|9755|C	C	A	22	bi	47	314	0	0	3	19	0	0	CDS	UHGG000299_00018	1D	S,A,P,T
gnl|Prokka|UHGG000299_1|9762|A	G	A	23	bi	77	0	286	0	8	0	16	0	CDS	UHGG000299_00018	4D	T,T,T,T
gnl|Prokka|UHGG000299_1|9783|G	G	A	20	bi	43	0	290	0	3	0	17	0	CDS	UHGG000299_00018	3D	N,K,N,K
gnl|Prokka|UHGG000299_1|9997|G	G	A	22	bi	64	0	283	0	5	0	17	0	CDS	UHGG000299_00018	1D	V,G,A,D
gnl|Prokka|UHGG000299_1|9999|T	C	T	21	bi	0	281	0	75	0	15	0	6	CDS	UHGG000299_00018	4D	P,P,P,P
gnl|Prokka|UHGG000299_1|10025|G	G	A	19	bi	56	0	279	0	4	0	15	0	CDS	UHGG000299_00018	1D	S,A,P,T
gnl|Prokka|UHGG000299_1|10026|C	C	T	19	bi	0	150	0	178	0	12	0	7	CDS	UHGG000299_00018	3D	H,Q,H,Q
gnl|Prokka|UHGG000299_1|10031|C	C	G	20	bi	0	305	51	0	0	16	4	0	CDS	UHGG000299_00018	1D	Y,D,H,N
gnl|Prokka|UHGG000299_1|10036|C	C	T	20	bi	0	112	0	235	0	10	0	10	CDS	UHGG000299_00018	1D	I,S,T,N
gnl|Prokka|UHGG000299_1|10045|T	T	G	19	bi	0	0	148	161	0	0	6	14	CDS	UHGG000299_00018	1D	L,R,P,Q
gnl|Prokka|UHGG000299_1|10046|G	G	A	20	bi	155	0	158	0	6	0	15	0	CDS	UHGG000299_00018	1D	_,E,Q,K
gnl|Prokka|UHGG000299_1|10047|A	A	C	19	bi	273	44	0	0	16	3	0	0	CDS	UHGG000299_00018	3D	D,E,D,E
gnl|Prokka|UHGG000299_1|10049|C	C	T	19	bi	0	293	0	27	0	16	0	3	CDS	UHGG000299_00018	1D	Y,D,H,N
gnl|Prokka|UHGG000299_1|10050|T	T	C	21	bi	0	59	0	279	0	5	0	16	CDS	UHGG000299_00018	3D	N,K,N,K
gnl|Prokka|UHGG000299_1|10131|A	A	G	22	tri	286	0	72	13	13	0	7	2	CDS	UHGG000299_00018	4D	G,G,G,G
gnl|Prokka|UHGG000299_1|10140|T	T	C	20	bi	0	88	0	296	0	8	0	12	CDS	UHGG000299_00018	3D	H,Q,H,Q
gnl|Prokka|UHGG000299_1|10185|T	T	C	19	bi	0	79	0	305	0	7	0	12	CDS	UHGG000299_00018	3D	N,K,N,K
gnl|Prokka|UHGG000299_1|10206|C	T	C	21	bi	0	263	0	116	0	10	0	11	CDS	UHGG000299_00018	4D	G,G,G,G
gnl|Prokka|UHGG000299_1|10221|G	G	A	22	bi	18	27	337	0	3	1	18	0	CDS	UHGG000299_00018	3D	D,E,D,E
gnl|Prokka|UHGG000299_1|10251|A	A	G	22	bi	114	0	256	0	11	0	11	0	CDS	UHGG000299_00018	2D	C,W,C,_
gnl|Prokka|UHGG000299_1|10295|G	G	T	21	bi	0	0	326	21	0	0	18	3	CDS	UHGG000299_00018	1D	Y,D,H,N
gnl|Prokka|UHGG000299_1|10317|A	A	G	24	bi	308	0	37	0	20	0	4	0	CDS	UHGG000299_00018	4D	A,A,A,A
gnl|Prokka|UHGG000299_1|10335|G	G	A	21	bi	68	0	254	0	6	0	15	0	CDS	UHGG000299_00018	3D	I,M,I,I
gnl|Prokka|UHGG000299_1|10341|C	C	A	21	bi	15	308	0	0	2	19	0	0	CDS	UHGG000299_00018	4D	G,G,G,G
gnl|Prokka|UHGG000299_1|10613|G	A	G	16	bi	261	0	18	0	14	0	3	0	IGR	None	None	None
gnl|Prokka|UHGG000299_1|10917|A	A	G	22	bi	375	0	15	0	20	0	2	0	CDS	UHGG000299_00019	4D	A,A,A,A
gnl|Prokka|UHGG000299_1|11207|A	A	G	21	bi	326	0	62	0	17	0	4	0	CDS	UHGG000299_00019	1D	E,A,G,V
gnl|Prokka|UHGG000299_1|11538|C	C	T	20	bi	0	271	0	78	0	13	0	7	CDS	UHGG000299_00020	4D	T,T,T,T
gnl|Prokka|UHGG000299_1|11907|C	C	T	20	bi	0	383	0	10	0	18	0	2	CDS	UHGG000299_00020	4D	V,V,V,V
gnl|Prokka|UHGG000299_1|12031|T	T	C	17	bi	0	69	0	269	0	4	0	13	CDS	UHGG000299_00020	2D	M,L,V,L
gnl|Prokka|UHGG000299_1|12267|T	T	C	20	bi	0	69	0	302	0	3	0	17	CDS	UHGG000299_00020	4D	L,L,L,L
gnl|Prokka|UHGG000299_1|12285|G	G	A	21	bi	82	0	312	0	5	0	16	0	CDS	UHGG000299_00020	4D	P,P,P,P
gnl|Prokka|UHGG000299_1|12309|A	G	A	21	bi	89	0	287	0	7	0	14	0	CDS	UHGG000299_00020	3D	K,N,K,N
gnl|Prokka|UHGG000299_1|12372|A	A	G	22	bi	303	0	67	0	17	0	5	0	CDS	UHGG000299_00020	3D	K,N,K,N
gnl|Prokka|UHGG000299_1|12414|G	A	G	21	bi	285	0	61	0	16	0	5	0	CDS	UHGG000299_00020	4D	V,V,V,V
gnl|Prokka|UHGG000299_1|12546|C	C	T	22	bi	0	362	0	16	0	21	0	2	CDS	UHGG000299_00020	4D	L,L,L,L
gnl|Prokka|UHGG000299_1|12923|T	T	C	25	bi	0	17	0	417	0	2	0	23	CDS	UHGG000299_00021	2D	_,C,W,C
gnl|Prokka|UHGG000299_1|13019|G	G	A	20	bi	20	0	358	0	2	0	18	0	CDS	UHGG000299_00021	4D	A,A,A,A
gnl|Prokka|UHGG000299_1|13040|A	A	G	22	bi	287	0	120	0	13	0	9	0	CDS	UHGG000299_00021	3D	R,S,R,S
gnl|Prokka|UHGG000299_1|13262|A	A	T	22	bi	403	0	0	22	19	0	0	3	CDS	UHGG000299_00021	3D	K,N,K,N
gnl|Prokka|UHGG000299_1|13457|C	C	T	23	bi	0	288	0	114	0	16	0	7	CDS	UHGG000299_00021	3D	I,I,M,I
gnl|Prokka|UHGG000299_1|13472|T	A	T	21	bi	264	0	0	84	15	0	0	6	CDS	UHGG000299_00021	4D	G,G,G,G
gnl|Prokka|UHGG000299_1|13598|T	T	C	21	bi	0	13	0	350	0	2	0	19	CDS	UHGG000299_00021	3D	E,D,E,D
gnl|Prokka|UHGG000299_1|13630|G	G	A	20	bi	49	0	328	0	3	0	17	0	CDS	UHGG000299_00021	1D	N,T,S,I
gnl|Prokka|UHGG000299_1|13665|C	C	G	14	bi	0	287	55	0	0	11	3	0	CDS	UHGG000299_00021	1D	K,Q,E,_
gnl|Prokka|UHGG000299_1|13767|C	C	T	19	bi	0	378	0	14	0	17	0	2	CDS	UHGG000299_00021	1D	T,P,A,S
gnl|Prokka|UHGG000299_1|14324|A	A	T	22	bi	329	0	0	87	16	0	0	6	CDS	UHGG000299_00021	3D	I,I,M,I
gnl|Prokka|UHGG000299_1|14341|T	G	T	23	bi	0	0	387	77	0	0	18	6	CDS	UHGG000299_00021	1D	E,A,G,V
gnl|Prokka|UHGG000299_1|14816|G	G	A	23	bi	200	0	201	0	8	0	15	0	CDS	UHGG000299_00021	3D	K,N,K,N
gnl|Prokka|UHGG000299_1|14819|G	A	G	25	bi	142	0	259	0	14	0	11	0	CDS	UHGG000299_00021	4D	V,V,V,V
gnl|Prokka|UHGG000299_1|14916|G	G	A	23	bi	69	0	330	0	5	0	18	0	CDS	UHGG000299_00021	2D	M,L,V,L
gnl|Prokka|UHGG000299_1|14919|G	A	G	21	bi	175	0	204	0	14	0	7	0	CDS	UHGG000299_00021	1D	I,L,V,F
gnl|Prokka|UHGG000299_1|14946|C	C	T	23	bi	0	368	0	19	0	21	0	2	CDS	UHGG000299_00021	2D	M,L,V,L
gnl|Prokka|UHGG000299_1|14951|C	C	T	25	bi	0	291	0	105	0	15	0	10	CDS	UHGG000299_00021	3D	I,I,M,I
gnl|Prokka|UHGG000299_1|14966|G	G	A	23	bi	108	0	284	0	9	0	14	0	CDS	UHGG000299_00021	4D	A,A,A,A
gnl|Prokka|UHGG000299_1|14971|A	A	G	24	bi	283	0	111	0	15	0	9	0	CDS	UHGG000299_00021	1D	K,T,R,I
gnl|Prokka|UHGG000299_1|15006|T	T	C	25	bi	0	79	0	295	0	6	0	19	IGR	None	None	None
gnl|Prokka|UHGG000299_1|15022|G	G	A	25	bi	58	0	337	0	4	0	21	0	IGR	None	None	None
gnl|Prokka|UHGG000299_1|15102|A	G	A	22	bi	185	0	220	0	5	0	17	0	CDS	UHGG000299_00022	4D	L,L,L,L
gnl|Prokka|UHGG000299_1|15129|G	G	A	17	bi	67	0	297	0	2	0	15	0	CDS	UHGG000299_00022	4D	P,P,P,P
gnl|Prokka|UHGG000299_1|15210|G	G	A	21	bi	108	0	278	0	9	0	12	0	CDS	UHGG000299_00022	4D	V,V,V,V
gnl|Prokka|UHGG000299_1|15306|T	C	T	21	bi	0	312	0	88	0	15	0	7	CDS	UHGG000299_00022	3D	I,I,M,I
gnl|Prokka|UHGG000299_1|15366|A	A	G	21	bi	307	0	62	0	18	0	3	0	CDS	UHGG000299_00022	3D	L,F,L,F
gnl|Prokka|UHGG000299_1|15387|A	A	G	21	bi	290	0	92	0	16	0	5	0	CDS	UHGG000299_00022	4D	G,G,G,G
gnl|Prokka|UHGG000299_1|15414|C	C	T	21	bi	0	312	0	73	0	18	0	3	CDS	UHGG000299_00022	4D	A,A,A,A
gnl|Prokka|UHGG000299_1|15423|C	C	T	21	bi	0	323	0	68	0	19	0	2	CDS	UHGG000299_00022	3D	I,I,M,I
gnl|Prokka|UHGG000299_1|15435|T	T	C	20	bi	0	97	0	294	0	5	0	15	CDS	UHGG000299_00022	3D	K,N,K,N
gnl|Prokka|UHGG000299_1|15483|A	A	G	19	bi	295	0	86	0	14	0	5	0	CDS	UHGG000299_00022	3D	E,D,E,D
gnl|Prokka|UHGG000299_1|15741|G	G	A	27	bi	31	0	367	0	3	0	24	0	CDS	UHGG000299_00022	3D	K,N,K,N
gnl|Prokka|UHGG000299_1|15765|T	C	T	23	bi	0	207	0	162	0	15	0	8	CDS	UHGG000299_00022	4D	V,V,V,V
gnl|Prokka|UHGG000299_1|15810|C	C	T	21	bi	0	263	0	97	0	12	0	9	CDS	UHGG000299_00022	4D	T,T,T,T
gnl|Prokka|UHGG000299_1|15855|G	G	A	22	bi	12	0	344	0	2	0	20	0	CDS	UHGG000299_00022	4D	P,P,P,P
gnl|Prokka|UHGG000299_1|15898|C	C	A	23	bi	60	326	0	0	3	20	0	0	CDS	UHGG000299_00022	2D	R,R,G,_
gnl|Prokka|UHGG000299_1|15927|C	C	T	23	bi	0	320	0	59	0	18	0	5	CDS	UHGG000299_00022	3D	R,S,R,S
gnl|Prokka|UHGG000299_1|15954|G	G	A	23	bi	57	0	289	0	5	0	18	0	CDS	UHGG000299_00022	4D	S,S,S,S
gnl|Prokka|UHGG000299_1|15957|T	T	C	23	bi	6	13	0	336	1	2	0	20	CDS	UHGG000299_00022	4D	A,A,A,A
gnl|Prokka|UHGG000299_1|16137|T	T	C	19	bi	0	53	0	284	0	3	0	16	CDS	UHGG000299_00022	3D	L,F,L,F
gnl|Prokka|UHGG000299_1|16210|G	G	T	24	bi	0	0	345	10	0	0	22	2	CDS	UHGG000299_00022	1D	T,P,A,S
gnl|Prokka|UHGG000299_1|16227|A	A	T	24	bi	328	0	0	57	20	0	0	4	CDS	UHGG000299_00022	4D	T,T,T,T
gnl|Prokka|UHGG000299_1|16233|T	T	C	21	bi	0	66	0	281	0	6	0	15	CDS	UHGG000299_00022	3D	I,I,M,I
gnl|Prokka|UHGG000299_1|16272|G	G	A	21	bi	13	0	350	0	2	0	19	0	CDS	UHGG000299_00022	4D	A,A,A,A
gnl|Prokka|UHGG000299_1|16286|A	A	G	23	bi	361	0	19	0	20	0	3	0	CDS	UHGG000299_00022	1D	K,T,R,M
gnl|Prokka|UHGG000299_1|16292|A	A	C	24	bi	288	109	0	0	15	9	0	0	CDS	UHGG000299_00022	1D	Y,S,C,F
gnl|Prokka|UHGG000299_1|16326|G	G	A	23	bi	63	0	316	0	4	0	19	0	CDS	UHGG000299_00022	3D	E,D,E,D
gnl|Prokka|UHGG000299_1|16338|C	C	T	23	bi	0	325	0	85	0	16	0	7	CDS	UHGG000299_00022	3D	_,Y,_,Y
gnl|Prokka|UHGG000299_1|16356|G	G	A	23	bi	58	0	341	0	3	0	20	0	CDS	UHGG000299_00022	4D	R,R,R,R
gnl|Prokka|UHGG000299_1|16383|T	T	C	20	bi	0	59	0	343	0	3	0	17	CDS	UHGG000299_00022	3D	E,D,E,D
gnl|Prokka|UHGG000299_1|16395|C	C	T	21	bi	0	314	0	95	0	14	0	7	CDS	UHGG000299_00022	3D	_,Y,_,Y
gnl|Prokka|UHGG000299_1|16404|A	A	G	21	bi	328	0	92	0	14	0	7	0	CDS	UHGG000299_00022	4D	T,T,T,T
gnl|Prokka|UHGG000299_1|16422|T	T	A	21	bi	87	0	0	317	6	0	0	15	CDS	UHGG000299_00022	4D	T,T,T,T
gnl|Prokka|UHGG000299_1|16473|A	A	G	20	bi	224	0	164	0	15	0	5	0	CDS	UHGG000299_00022	3D	R,S,R,S
gnl|Prokka|UHGG000299_1|16489|C	C	T	20	bi	0	324	0	57	0	16	0	4	CDS	UHGG000299_00022	1D	N,H,D,Y
gnl|Prokka|UHGG000299_1|16497|T	T	A	20	bi	60	0	0	317	4	0	0	16	CDS	UHGG000299_00022	4D	L,L,L,L
gnl|Prokka|UHGG000299_1|16809|A	G	A	19	bi	86	0	276	0	6	0	13	0	CDS	UHGG000299_00023	3D	E,D,E,D
gnl|Prokka|UHGG000299_1|17169|A	G	A	20	bi	20	0	316	0	3	0	17	0	CDS	UHGG000299_00023	3D	E,D,E,D
gnl|Prokka|UHGG000299_1|17200|A	G	A	19	bi	26	0	328	0	3	0	16	0	CDS	UHGG000299_00023	1D	T,P,A,S
gnl|Prokka|UHGG000299_1|17201|C	C	A	19	bi	96	261	0	0	6	13	0	0	CDS	UHGG000299_00023	1D	K,T,R,M
gnl|Prokka|UHGG000299_1|17235|G	A	G	19	bi	255	0	141	0	11	0	9	0	CDS	UHGG000299_00023	3D	E,D,E,D
gnl|Prokka|UHGG000299_1|17240|G	A	G	21	bi	266	0	137	0	13	0	9	0	CDS	UHGG000299_00023	1D	Q,P,R,L
gnl|Prokka|UHGG000299_1|17244|C	T	C	17	bi	0	133	0	233	0	8	0	10	CDS	UHGG000299_00023	3D	R,S,R,S
gnl|Prokka|UHGG000299_1|17245|G	A	G	18	bi	368	0	24	0	16	0	3	0	CDS	UHGG000299_00023	1D	S,R,G,C
gnl|Prokka|UHGG000299_1|17253|C	C	T	19	bi	0	320	0	75	0	16	0	3	CDS	UHGG000299_00023	3D	I,I,M,I
gnl|Prokka|UHGG000299_1|17258|C	C	T	21	bi	0	341	0	76	0	14	0	7	CDS	UHGG000299_00023	1D	Q,P,R,L
gnl|Prokka|UHGG000299_1|17355|G	A	G	24	bi	301	0	89	0	13	0	11	0	CDS	UHGG000299_00023	4D	T,T,T,T
gnl|Prokka|UHGG000299_1|17358|C	C	T	24	bi	0	357	0	27	0	21	0	3	CDS	UHGG000299_00023	3D	I,I,M,I
gnl|Prokka|UHGG000299_1|17380|C	C	T	23	bi	0	364	0	18	0	20	0	3	CDS	UHGG000299_00023	2D	M,L,V,L
gnl|Prokka|UHGG000299_1|17446|G	G	A	25	bi	129	0	303	0	10	0	15	0	CDS	UHGG000299_00023	1D	I,L,V,F
gnl|Prokka|UHGG000299_1|17451|G	G	A	25	bi	273	0	148	0	12	0	13	0	CDS	UHGG000299_00023	3D	L,F,L,F
gnl|Prokka|UHGG000299_1|17487|C	T	C	22	bi	0	15	0	356	0	2	0	20	CDS	UHGG000299_00023	3D	K,N,K,N
gnl|Prokka|UHGG000299_1|17580|C	C	T	21	bi	0	323	0	63	0	18	0	3	CDS	UHGG000299_00023	3D	R,S,R,S
gnl|Prokka|UHGG000299_1|17689|T	T	C	21	bi	0	85	0	295	0	5	0	16	CDS	UHGG000299_00024	3D	L,F,L,F
gnl|Prokka|UHGG000299_1|17707|T	T	C	21	bi	0	83	0	315	0	8	0	13	CDS	UHGG000299_00024	3D	R,S,R,S
gnl|Prokka|UHGG000299_1|17710|G	T	G	23	bi	0	0	133	280	0	0	8	15	CDS	UHGG000299_00024	4D	P,P,P,P
gnl|Prokka|UHGG000299_1|17713|C	T	C	21	bi	0	127	0	272	0	8	0	13	CDS	UHGG000299_00024	4D	V,V,V,V
gnl|Prokka|UHGG000299_1|17716|C	T	C	22	bi	0	131	0	279	0	8	0	14	CDS	UHGG000299_00024	4D	L,L,L,L
gnl|Prokka|UHGG000299_1|17743|A	A	C	17	bi	274	91	0	0	13	4	0	0	CDS	UHGG000299_00024	4D	A,A,A,A
gnl|Prokka|UHGG000299_1|17815|T	G	T	19	bi	0	0	141	239	0	0	10	9	CDS	UHGG000299_00024	4D	T,T,T,T
gnl|Prokka|UHGG000299_1|17836|A	G	A	20	bi	67	0	295	0	6	0	14	0	CDS	UHGG000299_00024	4D	T,T,T,T
gnl|Prokka|UHGG000299_1|17839|G	A	G	19	bi	285	0	66	0	13	0	6	0	CDS	UHGG000299_00024	4D	S,S,S,S
gnl|Prokka|UHGG000299_1|17872|C	T	C	24	bi	0	13	0	349	0	2	0	23	CDS	UHGG000299_00024	3D	_,Y,_,Y
gnl|Prokka|UHGG000299_1|17879|T	C	T	25	bi	0	352	0	12	0	24	0	2	CDS	UHGG000299_00024	2D	M,L,V,L
gnl|Prokka|UHGG000299_1|17890|C	C	T	26	bi	0	325	0	71	0	20	0	6	CDS	UHGG000299_00024	4D	T,T,T,T
gnl|Prokka|UHGG000299_1|17959|A	A	C	24	bi	315	82	0	0	18	6	0	0	CDS	UHGG000299_00024	4D	T,T,T,T
gnl|Prokka|UHGG000299_1|18005|G	G	A	25	bi	85	0	313	0	7	0	18	0	CDS	UHGG000299_00024	2D	I,L,V,L
gnl|Prokka|UHGG000299_1|18013|G	G	A	23	bi	101	0	274	0	8	0	15	0	CDS	UHGG000299_00024	4D	A,A,A,A
gnl|Prokka|UHGG000299_1|18388|G	G	A	21	bi	55	0	313	0	3	0	18	0	CDS	UHGG000299_00024	3D	L,F,L,F
gnl|Prokka|UHGG000299_1|18413|A	G	A	21	bi	119	0	248	0	10	0	11	0	CDS	UHGG000299_00024	1D	N,H,D,Y
gnl|Prokka|UHGG000299_1|18436|G	A	G	21	bi	360	0	13	0	19	0	2	0	CDS	UHGG000299_00024	4D	T,T,T,T
gnl|Prokka|UHGG000299_1|18476|A	A	G	18	bi	155	0	167	0	13	0	5	0	CDS	UHGG000299_00024	1D	I,L,V,F
gnl|Prokka|UHGG000299_1|18595|T	C	T	21	bi	0	300	0	30	0	17	0	4	CDS	UHGG000299_00024	3D	Q,H,Q,H
gnl|Prokka|UHGG000299_1|18598|G	G	T	21	bi	0	0	175	153	0	0	16	5	CDS	UHGG000299_00024	4D	P,P,P,P
gnl|Prokka|UHGG000299_1|18625|C	T	C	22	bi	0	25	0	328	0	3	0	19	CDS	UHGG000299_00024	3D	_,Y,_,Y
gnl|Prokka|UHGG000299_1|18649|G	G	A	21	bi	23	0	306	0	3	0	18	0	CDS	UHGG000299_00024	4D	S,S,S,S
gnl|Prokka|UHGG000299_1|18652|C	C	T	22	bi	0	253	0	86	0	15	0	7	CDS	UHGG000299_00024	3D	I,I,M,I
gnl|Prokka|UHGG000299_1|18709|T	C	T	18	bi	0	231	0	91	0	11	0	7	CDS	UHGG000299_00024	3D	R,S,R,S
gnl|Prokka|UHGG000299_1|18727|G	A	G	23	bi	249	0	113	0	14	0	9	0	CDS	UHGG000299_00024	4D	A,A,A,A
gnl|Prokka|UHGG000299_1|18742|T	C	T	21	bi	0	347	0	16	0	19	0	2	CDS	UHGG000299_00024	2D	_,C,W,C
gnl|Prokka|UHGG000299_1|18957|G	G	C	24	bi	0	18	405	0	0	2	22	0	CDS	UHGG000299_00024	1D	N,T,S,I
gnl|Prokka|UHGG000299_1|18982|C	C	T	21	bi	0	315	0	108	0	12	0	9	CDS	UHGG000299_00024	3D	I,I,M,I
gnl|Prokka|UHGG000299_1|19143|C	C	T	18	bi	0	217	0	179	0	15	0	3	CDS	UHGG000299_00024	1D	D,A,G,V
gnl|Prokka|UHGG000299_1|19238|C	C	T	22	bi	0	262	0	114	0	12	0	10	CDS	UHGG000299_00025	3D	E,D,E,D
gnl|Prokka|UHGG000299_1|19301|G	A	G	25	bi	398	14	11	0	23	1	2	0	CDS	UHGG000299_00025	4D	P,P,P,P
gnl|Prokka|UHGG000299_1|19313|A	G	A	25	bi	104	0	315	0	9	0	17	0	CDS	UHGG000299_00025	4D	S,S,S,S
gnl|Prokka|UHGG000299_1|19322|C	C	T	25	bi	0	321	0	92	0	18	0	7	CDS	UHGG000299_00025	4D	V,V,V,V
gnl|Prokka|UHGG000299_1|19367|G	T	G	24	bi	0	0	98	316	0	0	9	17	CDS	UHGG000299_00025	4D	T,T,T,T
gnl|Prokka|UHGG000299_1|19406|G	G	A	21	bi	145	0	257	0	10	0	11	0	CDS	UHGG000299_00025	3D	R,S,R,S
gnl|Prokka|UHGG000299_1|20054|A	A	G	22	bi	139	0	269	0	11	0	11	0	CDS	UHGG000299_00025	3D	E,D,E,D
gnl|Prokka|UHGG000299_1|20108|G	G	A	24	bi	273	0	173	0	10	0	15	0	CDS	UHGG000299_00025	4D	T,T,T,T
gnl|Prokka|UHGG000299_1|20149|C	T	C	24	bi	0	38	0	389	0	5	0	19	CDS	UHGG000299_00025	1D	E,A,G,V
gnl|Prokka|UHGG000299_1|20375|G	G	A	20	bi	109	0	231	0	9	0	11	0	CDS	UHGG000299_00025	4D	A,A,A,A
gnl|Prokka|UHGG000299_1|20402|T	A	T	21	bi	168	0	0	161	15	0	0	6	CDS	UHGG000299_00025	4D	T,T,T,T
gnl|Prokka|UHGG000299_1|20424|T	T	C	17	bi	0	30	0	236	0	3	0	14	CDS	UHGG000299_00026	3D	D,E,D,E
gnl|Prokka|UHGG000299_1|20428|C	C	T	15	bi	0	246	0	26	0	13	0	2	CDS	UHGG000299_00026	1D	L,R,P,H
gnl|Prokka|UHGG000299_1|20433|A	A	G	14	bi	128	0	123	0	11	0	3	0	CDS	UHGG000299_00026	4D	S,S,S,S
gnl|Prokka|UHGG000299_1|20436|C	C	T	15	bi	0	154	0	103	0	13	0	2	CDS	UHGG000299_00026	4D	L,L,L,L
gnl|Prokka|UHGG000299_1|20598|A	A	G	23	bi	304	0	53	0	20	0	3	0	CDS	UHGG000299_00026	4D	L,L,L,L
gnl|Prokka|UHGG000299_1|20619|G	A	G	22	bi	104	0	224	0	12	0	10	0	CDS	UHGG000299_00026	4D	S,S,S,S
gnl|Prokka|UHGG000299_1|20631|T	C	T	15	bi	0	241	0	10	0	13	0	2	CDS	UHGG000299_00026	4D	T,T,T,T
gnl|Prokka|UHGG000299_1|20640|T	T	A	17	bi	68	0	0	179	7	0	0	10	CDS	UHGG000299_00026	4D	P,P,P,P
gnl|Prokka|UHGG000299_1|20813|G	G	A	19	bi	173	0	168	0	5	0	14	0	CDS	UHGG000299_00026	2D	L,V,L,M
gnl|Prokka|UHGG000299_1|20835|C	C	T	16	bi	0	275	0	56	0	10	0	6	CDS	UHGG000299_00026	4D	V,V,V,V
gnl|Prokka|UHGG000299_1|20844|A	A	G	19	bi	286	0	67	0	12	0	7	0	CDS	UHGG000299_00026	4D	P,P,P,P
gnl|Prokka|UHGG000299_1|20847|G	G	A	19	bi	60	0	288	0	7	0	12	0	CDS	UHGG000299_00026	4D	L,L,L,L
gnl|Prokka|UHGG000299_1|20853|A	A	G	18	bi	308	0	11	0	16	0	2	0	CDS	UHGG000299_00026	4D	T,T,T,T
gnl|Prokka|UHGG000299_1|20882|C	C	T	17	bi	0	242	0	61	0	13	0	4	CDS	UHGG000299_00026	1D	S,A,P,T
gnl|Prokka|UHGG000299_1|20889|T	A	T	17	bi	99	5	0	190	8	1	0	8	CDS	UHGG000299_00026	4D	P,P,P,P
gnl|Prokka|UHGG000299_1|20895|A	G	A	15	bi	171	0	108	0	5	0	10	0	CDS	UHGG000299_00026	3D	S,R,S,R
gnl|Prokka|UHGG000299_1|20900|T	T	C	17	bi	0	38	0	255	0	5	0	12	CDS	UHGG000299_00026	1D	S,A,P,T
gnl|Prokka|UHGG000299_1|20907|T	T	C	17	bi	0	40	0	265	0	5	0	12	CDS	UHGG000299_00026	3D	F,L,F,L
gnl|Prokka|UHGG000299_1|20913|A	G	A	19	bi	192	0	132	0	6	0	13	0	CDS	UHGG000299_00026	3D	F,L,F,L
gnl|Prokka|UHGG000299_1|21059|T	T	C	20	bi	0	154	0	182	0	4	0	16	CDS	UHGG000299_00026	1D	S,A,P,T
gnl|Prokka|UHGG000299_1|21093|T	T	C	19	bi	0	14	0	310	0	2	0	17	CDS	UHGG000299_00026	4D	T,T,T,T
gnl|Prokka|UHGG000299_1|21211|C	C	T	14	bi	0	80	0	137	0	9	0	5	IGR	None	None	None
gnl|Prokka|UHGG000299_1|21235|T	C	T	16	bi	0	216	0	10	0	14	0	2	IGR	None	None	None
gnl|Prokka|UHGG000299_1|21539|C	C	T	23	bi	0	267	6	87	0	13	1	9	CDS	UHGG000299_00027	4D	V,V,V,V
gnl|Prokka|UHGG000299_1|21566|A	A	G	21	bi	288	0	104	0	11	0	10	0	CDS	UHGG000299_00027	4D	A,A,A,A
gnl|Prokka|UHGG000299_1|21773|G	G	A	17	bi	70	0	288	0	5	0	12	0	CDS	UHGG000299_00027	4D	V,V,V,V
gnl|Prokka|UHGG000299_1|21792|G	G	A	20	bi	105	0	259	0	8	0	12	0	CDS	UHGG000299_00027	1D	K,Q,E,_
gnl|Prokka|UHGG000299_1|21797|T	T	C	18	bi	0	100	0	265	0	7	0	11	CDS	UHGG000299_00027	3D	I,I,M,I
gnl|Prokka|UHGG000299_1|21803|G	A	G	19	bi	178	0	207	0	12	0	7	0	CDS	UHGG000299_00027	3D	L,F,L,F
gnl|Prokka|UHGG000299_1|21839|T	T	C	20	bi	0	79	0	305	0	5	0	15	CDS	UHGG000299_00027	4D	V,V,V,V
gnl|Prokka|UHGG000299_1|21854|C	A	C	21	bi	212	196	0	0	14	7	0	0	CDS	UHGG000299_00027	4D	T,T,T,T
gnl|Prokka|UHGG000299_1|21890|C	C	T	24	bi	0	346	0	84	0	17	0	7	CDS	UHGG000299_00027	3D	K,N,K,N
gnl|Prokka|UHGG000299_1|21911|C	C	T	22	bi	0	350	0	68	0	17	0	5	CDS	UHGG000299_00027	4D	G,G,G,G
gnl|Prokka|UHGG000299_1|21995|C	C	T	22	bi	0	285	0	125	0	13	0	9	CDS	UHGG000299_00027	3D	L,F,L,F
gnl|Prokka|UHGG000299_1|22019|T	T	C	21	bi	0	122	0	278	0	8	0	13	CDS	UHGG000299_00027	3D	I,I,M,I
gnl|Prokka|UHGG000299_1|22025|T	T	G	20	bi	0	0	120	282	0	0	8	12	CDS	UHGG000299_00027	4D	S,S,S,S
gnl|Prokka|UHGG000299_1|22488|T	C	T	24	bi	0	277	0	125	0	14	0	10	CDS	UHGG000299_00028	3D	L,F,L,F
gnl|Prokka|UHGG000299_1|22491|T	T	C	24	bi	0	33	0	365	0	4	0	20	CDS	UHGG000299_00028	2D	_,C,W,C
gnl|Prokka|UHGG000299_1|22764|A	G	A	18	bi	79	0	243	0	5	0	13	0	CDS	UHGG000299_00028	4D	P,P,P,P
gnl|Prokka|UHGG000299_1|22767|T	C	T	19	bi	0	222	0	105	0	11	0	8	CDS	UHGG000299_00028	3D	I,I,M,I
gnl|Prokka|UHGG000299_1|22773|T	C	T	19	bi	0	243	0	80	0	15	0	4	CDS	UHGG000299_00028	3D	Q,H,Q,H
gnl|Prokka|UHGG000299_1|22830|T	C	T	18	bi	0	234	0	87	0	13	0	5	CDS	UHGG000299_00028	3D	I,I,M,I
gnl|Prokka|UHGG000299_1|22833|T	T	A	17	bi	85	0	0	232	6	0	0	11	CDS	UHGG000299_00028	3D	I,I,M,I
gnl|Prokka|UHGG000299_1|22836|T	C	T	18	bi	0	235	0	86	0	13	0	5	CDS	UHGG000299_00028	3D	E,D,E,D
gnl|Prokka|UHGG000299_1|22977|G	G	T	20	bi	0	0	248	92	0	0	12	8	CDS	UHGG000299_00028	4D	L,L,L,L
gnl|Prokka|UHGG000299_1|22983|C	C	T	20	bi	0	252	0	86	0	12	0	8	CDS	UHGG000299_00028	4D	L,L,L,L
gnl|Prokka|UHGG000299_1|22998|G	G	A	19	bi	73	0	261	0	7	0	12	0	CDS	UHGG000299_00028	4D	T,T,T,T
gnl|Prokka|UHGG000299_1|23001|G	G	T	19	tri	0	75	172	74	0	5	7	7	CDS	UHGG000299_00028	4D	G,G,G,G
gnl|Prokka|UHGG000299_1|23007|T	T	C	18	bi	0	70	0	246	0	6	0	12	CDS	UHGG000299_00028	3D	Q,H,Q,H
gnl|Prokka|UHGG000299_1|23016|T	T	C	16	bi	0	75	0	232	0	6	0	10	CDS	UHGG000299_00028	3D	_,Y,_,Y
gnl|Prokka|UHGG000299_1|23163|G	G	A	19	bi	74	0	262	0	4	0	15	0	CDS	UHGG000299_00028	4D	V,V,V,V
gnl|Prokka|UHGG000299_1|23181|G	G	A	20	bi	83	0	280	0	6	0	14	0	CDS	UHGG000299_00028	4D	A,A,A,A
gnl|Prokka|UHGG000299_1|23217|G	G	A	20	bi	97	0	302	0	6	0	14	0	CDS	UHGG000299_00028	4D	P,P,P,P
gnl|Prokka|UHGG000299_1|23235|A	C	A	23	bi	116	306	0	0	8	15	0	0	CDS	UHGG000299_00028	4D	S,S,S,S
gnl|Prokka|UHGG000299_1|23370|G	A	G	19	bi	221	0	160	0	16	0	3	0	CDS	UHGG000299_00028	4D	G,G,G,G
gnl|Prokka|UHGG000299_1|23382|T	C	T	18	bi	0	215	0	161	0	15	0	3	CDS	UHGG000299_00028	4D	S,S,S,S
gnl|Prokka|UHGG000299_1|23409|A	A	G	18	bi	272	0	117	0	12	0	6	0	CDS	UHGG000299_00028	3D	K,N,K,N
gnl|Prokka|UHGG000299_1|23562|G	G	A	19	bi	100	0	256	0	9	0	10	0	CDS	UHGG000299_00029	4D	P,P,P,P
gnl|Prokka|UHGG000299_1|23575|G	G	A	19	bi	93	0	264	0	9	0	10	0	CDS	UHGG000299_00029	1D	N,H,D,Y
gnl|Prokka|UHGG000299_1|23607|A	A	G	19	bi	276	0	107	0	11	0	8	0	CDS	UHGG000299_00029	3D	E,D,E,D
gnl|Prokka|UHGG000299_1|23649|G	G	A	20	bi	123	0	277	0	8	0	12	0	CDS	UHGG000299_00029	4D	T,T,T,T
gnl|Prokka|UHGG000299_1|23739|C	C	T	18	bi	0	344	0	28	0	16	0	2	CDS	UHGG000299_00029	3D	I,I,M,I
gnl|Prokka|UHGG000299_1|23748|C	C	T	19	bi	0	349	0	29	0	17	0	2	CDS	UHGG000299_00029	4D	T,T,T,T
gnl|Prokka|UHGG000299_1|23810|T	C	T	16	bi	0	202	0	158	0	13	0	3	CDS	UHGG000299_00029	1D	D,A,G,V
gnl|Prokka|UHGG000299_1|23820|A	G	A	18	bi	179	0	210	0	4	0	14	0	CDS	UHGG000299_00029	4D	S,S,S,S
gnl|Prokka|UHGG000299_1|23831|T	T	C	18	bi	0	105	0	260	0	6	0	12	CDS	UHGG000299_00029	1D	E,A,G,V
gnl|Prokka|UHGG000299_1|23832|A	A	T	18	bi	268	0	0	106	12	0	0	6	CDS	UHGG000299_00029	4D	V,V,V,V
gnl|Prokka|UHGG000299_1|23865|C	C	T	21	bi	0	347	0	18	0	19	0	2	CDS	UHGG000299_00029	3D	_,Y,_,Y
gnl|Prokka|UHGG000299_1|24406|C	C	T	24	bi	0	359	0	12	0	22	0	2	CDS	UHGG000299_00030	1D	T,P,A,S
gnl|Prokka|UHGG000299_1|24417|T	T	G	23	bi	0	0	38	327	0	0	3	20	CDS	UHGG000299_00030	4D	S,S,S,S
gnl|Prokka|UHGG000299_1|24425|C	C	T	25	bi	0	262	0	118	0	15	0	10	CDS	UHGG000299_00030	1D	E,A,G,V
gnl|Prokka|UHGG000299_1|24468|A	A	G	22	bi	373	0	26	0	19	0	3	0	CDS	UHGG000299_00030	3D	L,F,L,F
gnl|Prokka|UHGG000299_1|24520|C	C	T	22	bi	0	372	0	67	0	19	0	3	CDS	UHGG000299_00030	1D	N,H,D,Y
gnl|Prokka|UHGG000299_1|24552|T	C	T	22	bi	0	201	0	201	0	17	0	5	CDS	UHGG000299_00030	3D	E,D,E,D
gnl|Prokka|UHGG000299_1|24579|A	G	A	23	bi	205	0	201	0	4	0	19	0	CDS	UHGG000299_00030	3D	Q,H,Q,H
gnl|Prokka|UHGG000299_1|24582|C	T	C	23	bi	0	208	0	188	0	4	0	19	CDS	UHGG000299_00030	3D	_,Y,_,Y
gnl|Prokka|UHGG000299_1|24585|A	G	A	22	bi	201	0	186	0	4	0	18	0	CDS	UHGG000299_00030	4D	G,G,G,G
gnl|Prokka|UHGG000299_1|24588|G	C	G	21	bi	0	166	195	0	0	17	4	0	CDS	UHGG000299_00030	4D	V,V,V,V
gnl|Prokka|UHGG000299_1|24594|C	C	T	20	bi	0	355	0	16	0	18	0	2	CDS	UHGG000299_00030	4D	L,L,L,L
gnl|Prokka|UHGG000299_1|24595|T	C	T	22	bi	0	174	0	197	0	18	0	4	CDS	UHGG000299_00030	2D	M,L,V,L
gnl|Prokka|UHGG000299_1|24678|C	A	C	26	bi	140	284	0	0	14	12	0	0	CDS	UHGG000299_00030	4D	A,A,A,A
gnl|Prokka|UHGG000299_1|24697|A	A	C	26	bi	316	110	0	0	18	8	0	0	CDS	UHGG000299_00030	2D	M,L,V,L
gnl|Prokka|UHGG000299_1|24711|A	A	G	25	bi	319	0	97	0	15	0	10	0	CDS	UHGG000299_00030	4D	A,A,A,A
gnl|Prokka|UHGG000299_1|24726|C	C	T	22	bi	0	307	0	91	0	17	0	5	CDS	UHGG000299_00030	3D	I,I,M,I
gnl|Prokka|UHGG000299_1|24735|T	T	C	21	bi	0	85	0	285	0	5	0	16	CDS	UHGG000299_00030	3D	I,I,M,I
gnl|Prokka|UHGG000299_1|24775|T	C	T	24	bi	0	225	0	174	0	21	0	3	CDS	UHGG000299_00030	2D	I,L,V,L
gnl|Prokka|UHGG000299_1|24822|C	C	T	24	bi	0	311	0	111	0	14	0	10	CDS	UHGG000299_00030	4D	S,S,S,S
gnl|Prokka|UHGG000299_1|24861|C	C	T	24	bi	0	385	0	22	0	22	0	2	CDS	UHGG000299_00030	2D	_,C,W,C
gnl|Prokka|UHGG000299_1|24897|T	T	C	24	bi	0	125	0	286	0	11	0	13	CDS	UHGG000299_00030	4D	S,S,S,S
gnl|Prokka|UHGG000299_1|24904|A	A	G	24	bi	373	0	23	0	22	0	2	0	CDS	UHGG000299_00030	2D	I,L,V,L
gnl|Prokka|UHGG000299_1|24919|T	G	T	21	bi	0	0	217	142	0	0	17	4	CDS	UHGG000299_00030	1D	T,P,A,S
gnl|Prokka|UHGG000299_1|24927|G	G	A	20	bi	81	0	291	0	4	0	16	0	CDS	UHGG000299_00030	3D	I,I,M,I
gnl|Prokka|UHGG000299_1|24990|G	G	T	22	bi	0	0	340	24	0	0	19	3	CDS	UHGG000299_00030	3D	Q,H,Q,H
gnl|Prokka|UHGG000299_1|25005|G	G	T	19	bi	0	0	249	86	0	0	11	8	CDS	UHGG000299_00030	3D	K,N,K,N
gnl|Prokka|UHGG000299_1|25305|G	G	A	20	bi	26	0	360	0	3	0	17	0	CDS	UHGG000299_00030	4D	L,L,L,L
gnl|Prokka|UHGG000299_1|25535|C	T	C	24	bi	0	192	0	194	0	9	0	15	CDS	UHGG000299_00031	3D	L,F,L,F
gnl|Prokka|UHGG000299_1|25565|C	C	T	21	bi	0	304	0	55	0	18	0	3	CDS	UHGG000299_00031	3D	K,N,K,N
gnl|Prokka|UHGG000299_1|25574|T	C	T	21	bi	0	189	0	160	0	16	0	5	CDS	UHGG000299_00031	3D	K,N,K,N
gnl|Prokka|UHGG000299_1|25620|A	A	G	19	bi	247	0	69	0	16	0	3	0	CDS	UHGG000299_00031	1D	T,P,A,S
gnl|Prokka|UHGG000299_1|25622|C	A	C	19	bi	192	156	0	0	15	4	0	0	CDS	UHGG000299_00031	4D	T,T,T,T
gnl|Prokka|UHGG000299_1|25641|G	G	A	20	bi	20	0	332	0	2	0	18	0	CDS	UHGG000299_00031	1D	T,P,A,S
gnl|Prokka|UHGG000299_1|25652|A	G	A	24	bi	180	0	185	0	8	0	16	0	CDS	UHGG000299_00031	3D	E,D,E,D
gnl|Prokka|UHGG000299_1|25682|T	C	T	24	bi	0	206	0	192	0	16	0	8	CDS	UHGG000299_00031	3D	I,I,M,I
gnl|Prokka|UHGG000299_1|25808|G	G	A	15	bi	78	0	214	0	4	0	11	0	CDS	UHGG000299_00031	3D	K,N,K,N
gnl|Prokka|UHGG000299_1|26544|G	G	A	18	bi	52	0	256	0	6	0	12	0	CDS	UHGG000299_00032	3D	N,K,N,K
gnl|Prokka|UHGG000299_1|26559|C	C	A	19	bi	58	272	0	0	6	13	0	0	CDS	UHGG000299_00032	4D	S,S,S,S
gnl|Prokka|UHGG000299_1|26562|G	G	A	18	bi	61	0	271	0	6	0	12	0	CDS	UHGG000299_00032	4D	G,G,G,G
gnl|Prokka|UHGG000299_1|26592|C	G	C	21	bi	0	194	175	0	0	7	14	0	CDS	UHGG000299_00032	4D	L,L,L,L
gnl|Prokka|UHGG000299_1|26628|G	G	A	20	bi	73	0	307	0	7	0	13	0	CDS	UHGG000299_00032	4D	P,P,P,P
gnl|Prokka|UHGG000299_1|26645|C	C	A	18	bi	62	309	0	0	6	12	0	0	CDS	UHGG000299_00032	1D	S,A,P,T
gnl|Prokka|UHGG000299_1|26673|A	A	G	18	bi	237	0	67	0	12	0	6	0	CDS	UHGG000299_00032	4D	L,L,L,L
gnl|Prokka|UHGG000299_1|26819|C	C	A	18	bi	21	340	0	0	2	16	0	0	CDS	UHGG000299_00032	1D	S,A,P,T
gnl|Prokka|UHGG000299_1|26835|G	G	A	16	bi	23	0	328	0	2	0	14	0	CDS	UHGG000299_00032	2D	C,W,C,_
gnl|Prokka|UHGG000299_1|26985|G	A	G	16	bi	136	0	157	0	12	0	4	0	CDS	UHGG000299_00032	4D	R,R,R,R
gnl|Prokka|UHGG000299_1|27043|G	A	G	14	bi	80	0	169	0	8	0	6	0	IGR	None	None	None
gnl|Prokka|UHGG000299_1|27249|G	G	A	17	bi	88	0	256	0	7	0	10	0	IGR	None	None	None
gnl|Prokka|UHGG000299_1|27682|G	G	A	22	bi	111	0	276	0	10	0	12	0	IGR	None	None	None
gnl|Prokka|UHGG000299_1|27805|T	T	G	26	bi	0	0	129	323	0	0	11	15	CDS	UHGG000299_00034	4D	G,G,G,G
gnl|Prokka|UHGG000299_1|28057|G	G	A	19	bi	13	0	318	0	3	0	17	0	IGR	None	None	None
gnl|Prokka|UHGG000299_1|28063|T	T	C	16	bi	0	76	0	214	0	5	0	11	IGR	None	None	None
gnl|Prokka|UHGG000299_1|28068|G	G	A	18	bi	73	0	241	0	5	0	13	0	IGR	None	None	None
gnl|Prokka|UHGG000299_1|28082|G	G	A	18	bi	74	0	232	0	5	0	13	0	IGR	None	None	None
gnl|Prokka|UHGG000299_1|28088|A	A	G	18	bi	237	0	66	0	14	0	4	0	IGR	None	None	None
gnl|Prokka|UHGG000299_1|28118|C	C	T	19	bi	0	252	0	60	0	15	0	4	IGR	None	None	None
gnl|Prokka|UHGG000299_1|28227|C	C	T	18	bi	0	250	0	102	0	11	0	7	IGR	None	None	None
gnl|Prokka|UHGG000299_1|28238|A	A	G	18	bi	284	0	55	0	14	0	4	0	IGR	None	None	None
gnl|Prokka|UHGG000299_1|28365|A	G	A	24	bi	160	0	210	0	5	0	19	0	CDS	UHGG000299_00035	1D	T,P,A,S
gnl|Prokka|UHGG000299_1|28370|A	A	G	22	bi	344	0	17	0	20	0	2	0	CDS	UHGG000299_00035	3D	E,D,E,D
gnl|Prokka|UHGG000299_1|28469|T	T	G	22	bi	0	0	96	312	0	0	9	13	CDS	UHGG000299_00035	4D	T,T,T,T
gnl|Prokka|UHGG000299_1|28511|C	C	T	22	bi	0	361	0	17	0	20	0	2	CDS	UHGG000299_00035	4D	G,G,G,G
gnl|Prokka|UHGG000299_1|28569|C	C	A	20	bi	53	255	0	0	3	17	0	0	CDS	UHGG000299_00035	1D	T,P,A,S
gnl|Prokka|UHGG000299_1|28592|T	T	G	24	bi	0	0	129	248	0	0	11	13	CDS	UHGG000299_00035	4D	G,G,G,G
gnl|Prokka|UHGG000299_1|28607|T	T	C	24	bi	0	109	0	296	0	9	0	15	CDS	UHGG000299_00035	3D	K,N,K,N
gnl|Prokka|UHGG000299_1|28907|A	A	G	24	bi	262	0	140	0	12	0	12	0	CDS	UHGG000299_00035	4D	A,A,A,A
gnl|Prokka|UHGG000299_1|28994|G	G	A	21	bi	13	0	374	0	2	0	20	0	CDS	UHGG000299_00035	3D	E,D,E,D
gnl|Prokka|UHGG000299_1|29084|T	T	C	21	bi	0	16	0	378	0	2	0	19	CDS	UHGG000299_00035	4D	T,T,T,T
gnl|Prokka|UHGG000299_1|29147|A	A	C	21	bi	316	93	0	0	16	5	0	0	CDS	UHGG000299_00035	4D	A,A,A,A
gnl|Prokka|UHGG000299_1|29203|G	G	A	21	bi	16	0	402	0	2	0	19	0	CDS	UHGG000299_00035	1D	K,T,R,I
gnl|Prokka|UHGG000299_1|29216|C	T	C	22	bi	0	190	0	224	0	4	0	18	CDS	UHGG000299_00035	3D	E,D,E,D
gnl|Prokka|UHGG000299_1|29339|A	G	A	23	bi	258	0	138	0	11	0	12	0	CDS	UHGG000299_00035	4D	P,P,P,P
gnl|Prokka|UHGG000299_1|29366|C	C	T	22	bi	0	318	0	49	0	18	0	4	CDS	UHGG000299_00035	3D	K,N,K,N
gnl|Prokka|UHGG000299_1|29498|G	A	G	22	bi	220	0	183	0	16	0	6	0	CDS	UHGG000299_00035	3D	L,F,L,F
gnl|Prokka|UHGG000299_1|30354|C	C	T	19	bi	0	376	0	11	0	18	0	2	CDS	UHGG000299_00036	3D	I,I,M,I
gnl|Prokka|UHGG000299_1|30468|G	G	T	21	bi	0	0	266	149	0	0	11	10	CDS	UHGG000299_00036	4D	S,S,S,S
gnl|Prokka|UHGG000299_1|30525|C	C	T	23	bi	0	329	0	97	0	17	0	7	CDS	UHGG000299_00036	2D	_,C,W,C
gnl|Prokka|UHGG000299_1|30615|A	A	T	24	bi	294	0	0	138	13	0	0	11	CDS	UHGG000299_00036	4D	A,A,A,A
gnl|Prokka|UHGG000299_1|30654|G	G	A	24	bi	160	0	242	0	5	0	19	0	CDS	UHGG000299_00036	3D	K,N,K,N
gnl|Prokka|UHGG000299_1|30696|C	A	C	21	bi	342	18	0	0	18	3	0	0	CDS	UHGG000299_00036	4D	G,G,G,G
gnl|Prokka|UHGG000299_1|30720|A	G	A	20	bi	15	0	335	0	3	0	18	0	CDS	UHGG000299_00036	4D	A,A,A,A
gnl|Prokka|UHGG000299_1|30741|G	G	A	23	bi	153	0	220	0	4	0	19	0	CDS	UHGG000299_00036	4D	A,A,A,A
gnl|Prokka|UHGG000299_1|30756|G	G	A	24	bi	130	0	255	0	12	0	13	0	CDS	UHGG000299_00036	3D	E,D,E,D
gnl|Prokka|UHGG000299_1|30765|A	A	G	25	bi	286	0	110	0	18	0	7	0	CDS	UHGG000299_00036	3D	L,F,L,F
gnl|Prokka|UHGG000299_1|30780|A	A	G	25	bi	251	0	142	0	20	0	5	0	CDS	UHGG000299_00036	3D	E,D,E,D
gnl|Prokka|UHGG000299_1|30822|C	C	T	24	bi	0	336	0	111	0	18	0	6	CDS	UHGG000299_00036	4D	S,S,S,S
gnl|Prokka|UHGG000299_1|30831|C	T	C	23	bi	0	112	0	313	0	8	0	15	CDS	UHGG000299_00036	4D	A,A,A,A
gnl|Prokka|UHGG000299_1|30840|C	C	T	26	bi	0	347	0	101	0	19	0	7	CDS	UHGG000299_00036	4D	L,L,L,L
gnl|Prokka|UHGG000299_1|30894|C	C	A	21	bi	188	242	0	0	4	17	0	0	CDS	UHGG000299_00036	4D	T,T,T,T
gnl|Prokka|UHGG000299_1|30933|C	C	T	22	bi	0	290	0	135	0	11	0	11	CDS	UHGG000299_00036	4D	V,V,V,V
gnl|Prokka|UHGG000299_1|31128|T	T	C	22	bi	0	104	0	337	0	6	0	16	CDS	UHGG000299_00036	4D	S,S,S,S
gnl|Prokka|UHGG000299_1|31181|A	A	G	21	bi	161	0	258	0	13	0	8	0	CDS	UHGG000299_00036	1D	K,T,R,I
gnl|Prokka|UHGG000299_1|31188|C	C	T	22	bi	0	245	0	171	0	18	0	4	CDS	UHGG000299_00036	3D	I,I,M,I
gnl|Prokka|UHGG000299_1|31200|C	C	T	19	bi	0	236	0	178	0	15	0	4	CDS	UHGG000299_00036	3D	K,N,K,N
gnl|Prokka|UHGG000299_1|31278|C	T	C	19	bi	0	33	0	353	0	4	0	15	CDS	UHGG000299_00036	4D	G,G,G,G
gnl|Prokka|UHGG000299_1|31290|A	A	G	22	bi	175	0	225	0	16	0	6	0	CDS	UHGG000299_00036	4D	P,P,P,P
gnl|Prokka|UHGG000299_1|31293|T	T	C	18	bi	0	198	0	124	0	5	0	13	CDS	UHGG000299_00036	4D	G,G,G,G
gnl|Prokka|UHGG000299_1|31323|G	G	A	21	bi	135	0	235	0	3	0	18	0	CDS	UHGG000299_00036	3D	Q,H,Q,H
gnl|Prokka|UHGG000299_1|32118|C	C	A	14	tri	43	174	0	27	3	8	0	3	IGR	None	None	None
gnl|Prokka|UHGG000299_1|32119|A	A	G	16	bi	176	0	82	0	8	0	8	0	IGR	None	None	None
gnl|Prokka|UHGG000299_1|32120|A	A	G	16	bi	220	0	43	0	13	0	3	0	IGR	None	None	None
gnl|Prokka|UHGG000299_1|32143|G	A	G	18	bi	117	0	200	0	10	0	8	0	IGR	None	None	None
gnl|Prokka|UHGG000299_1|32200|T	T	C	18	bi	0	89	0	255	0	6	0	12	CDS	UHGG000299_00037	4D	A,A,A,A
gnl|Prokka|UHGG000299_1|32221|G	G	A	21	bi	54	0	305	0	5	0	16	0	CDS	UHGG000299_00037	3D	K,N,K,N
gnl|Prokka|UHGG000299_1|32234|A	G	A	21	bi	206	0	151	0	9	0	12	0	CDS	UHGG000299_00037	1D	I,L,V,F
gnl|Prokka|UHGG000299_1|32254|A	A	G	22	bi	309	0	83	0	15	0	7	0	CDS	UHGG000299_00037	4D	V,V,V,V
gnl|Prokka|UHGG000299_1|32260|T	C	T	21	bi	0	169	0	206	0	13	0	8	CDS	UHGG000299_00037	3D	R,S,R,S
gnl|Prokka|UHGG000299_1|32299|G	G	A	19	bi	69	0	286	0	3	0	16	0	CDS	UHGG000299_00037	3D	K,N,K,N
gnl|Prokka|UHGG000299_1|32320|G	G	A	16	bi	74	0	258	0	4	0	12	0	CDS	UHGG000299_00037	4D	T,T,T,T
gnl|Prokka|UHGG000299_1|32338|T	T	C	21	bi	0	75	0	274	0	8	0	13	CDS	UHGG000299_00037	4D	S,S,S,S
gnl|Prokka|UHGG000299_1|32365|T	T	A	20	bi	106	0	0	254	7	0	0	13	CDS	UHGG000299_00037	3D	I,I,M,I
gnl|Prokka|UHGG000299_1|32427|A	A	G	21	bi	298	0	102	0	14	0	7	0	CDS	UHGG000299_00037	1D	K,T,R,I
gnl|Prokka|UHGG000299_1|32428|A	A	G	21	bi	320	0	70	0	15	0	6	0	CDS	UHGG000299_00037	3D	K,N,K,N
gnl|Prokka|UHGG000299_1|32444|G	A	G	20	bi	347	0	43	0	15	0	5	0	CDS	UHGG000299_00037	1D	K,Q,E,_
gnl|Prokka|UHGG000299_1|32468|A	A	C	24	bi	330	98	0	0	17	7	0	0	IGR	None	None	None
gnl|Prokka|UHGG000299_1|32499|C	C	T	26	bi	0	411	0	13	0	24	0	2	IGR	None	None	None
gnl|Prokka|UHGG000299_1|32507|C	C	T	23	bi	0	382	0	14	0	21	0	2	IGR	None	None	None
gnl|Prokka|UHGG000299_1|32515|T	C	T	24	bi	0	163	0	240	0	12	0	12	IGR	None	None	None
gnl|Prokka|UHGG000299_1|32583|A	A	G	14	bi	253	0	18	0	12	0	2	0	IGR	None	None	None
gnl|Prokka|UHGG000299_1|32597|G	A	G	15	bi	127	0	140	0	10	0	5	0	IGR	None	None	None
gnl|Prokka|UHGG000299_1|32628|T	G	T	17	bi	0	0	135	137	0	0	12	5	IGR	None	None	None
gnl|Prokka|UHGG000299_1|32665|C	T	C	16	bi	0	156	0	109	0	5	0	11	IGR	None	None	None
gnl|Prokka|UHGG000299_1|32740|A	G	A	15	bi	153	0	119	0	4	0	11	0	IGR	None	None	None
gnl|Prokka|UHGG000299_1|33229|T	G	T	24	bi	0	0	181	208	0	0	16	8	CDS	UHGG000299_00038	1D	Q,P,R,L
gnl|Prokka|UHGG000299_1|33235|C	T	C	23	bi	0	55	0	329	0	7	0	17	CDS	UHGG000299_00038	1D	E,A,G,V
gnl|Prokka|UHGG000299_1|33278|C	C	T	23	bi	0	300	0	56	0	18	0	5	CDS	UHGG000299_00038	3D	L,F,L,F
gnl|Prokka|UHGG000299_1|33284|G	G	A	24	bi	78	0	288	0	7	0	17	0	CDS	UHGG000299_00038	3D	R,S,R,S
gnl|Prokka|UHGG000299_1|33286|G	G	A	23	bi	16	0	343	0	2	0	22	0	CDS	UHGG000299_00038	1D	K,T,R,M
gnl|Prokka|UHGG000299_1|33287|G	G	A	22	bi	15	0	340	0	2	0	21	0	CDS	UHGG000299_00038	3D	R,S,R,S
gnl|Prokka|UHGG000299_1|33450|C	C	T	18	bi	0	256	0	87	0	13	0	6	CDS	UHGG000299_00038	1D	T,P,A,S
gnl|Prokka|UHGG000299_1|33473|T	T	A	19	bi	111	0	0	253	9	0	0	10	CDS	UHGG000299_00038	3D	E,D,E,D
gnl|Prokka|UHGG000299_1|33501|G	G	A	18	bi	114	0	262	0	8	0	10	0	CDS	UHGG000299_00038	1D	S,R,G,C
gnl|Prokka|UHGG000299_1|33531|C	C	T	19	bi	0	258	0	110	0	11	0	8	CDS	UHGG000299_00038	2D	M,L,V,L
gnl|Prokka|UHGG000299_1|33542|G	G	A	20	bi	96	0	265	0	6	0	14	0	CDS	UHGG000299_00038	4D	P,P,P,P
gnl|Prokka|UHGG000299_1|33571|T	T	C	24	bi	0	131	0	237	0	2	0	23	CDS	UHGG000299_00038	1D	Q,P,R,L
gnl|Prokka|UHGG000299_1|33575|G	G	A	21	bi	52	0	296	0	6	0	15	0	CDS	UHGG000299_00038	4D	A,A,A,A
gnl|Prokka|UHGG000299_1|33668|A	A	G	22	bi	235	0	144	0	20	0	2	0	CDS	UHGG000299_00038	4D	V,V,V,V
gnl|Prokka|UHGG000299_1|33746|G	G	A	17	bi	75	0	286	0	4	0	13	0	CDS	UHGG000299_00038	3D	E,D,E,D
gnl|Prokka|UHGG000299_1|33932|C	C	T	22	bi	0	324	0	90	0	17	0	5	CDS	UHGG000299_00038	3D	E,D,E,D
gnl|Prokka|UHGG000299_1|33965|A	A	G	21	bi	277	0	126	0	12	0	9	0	CDS	UHGG000299_00038	4D	A,A,A,A
gnl|Prokka|UHGG000299_1|34424|C	C	T	21	bi	0	366	0	44	0	17	0	4	CDS	UHGG000299_00038	3D	_,Y,_,Y
gnl|Prokka|UHGG000299_1|34434|G	T	G	22	bi	0	0	17	387	0	0	2	20	CDS	UHGG000299_00038	1D	T,P,A,S
gnl|Prokka|UHGG000299_1|34436|G	G	A	22	bi	110	0	299	0	9	0	13	0	CDS	UHGG000299_00038	4D	A,A,A,A
gnl|Prokka|UHGG000299_1|34442|T	T	C	23	bi	0	105	0	295	0	9	0	14	CDS	UHGG000299_00038	4D	G,G,G,G
gnl|Prokka|UHGG000299_1|34463|A	A	G	25	bi	375	0	65	0	21	0	4	0	CDS	UHGG000299_00038	4D	S,S,S,S
gnl|Prokka|UHGG000299_1|34562|T	T	C	19	bi	0	61	0	311	0	4	0	15	CDS	UHGG000299_00038	3D	E,D,E,D
gnl|Prokka|UHGG000299_1|34572|T	C	T	21	bi	0	176	0	222	0	13	0	8	CDS	UHGG000299_00038	2D	M,L,V,L
gnl|Prokka|UHGG000299_1|34601|T	C	T	23	bi	0	198	0	189	0	16	0	7	CDS	UHGG000299_00038	3D	K,N,K,N
gnl|Prokka|UHGG000299_1|34802|C	C	T	24	bi	0	142	0	266	0	14	0	10	CDS	UHGG000299_00038	3D	_,Y,_,Y
gnl|Prokka|UHGG000299_1|34867|G	G	A	23	bi	91	0	279	0	9	0	14	0	CDS	UHGG000299_00038	1D	E,A,G,V
gnl|Prokka|UHGG000299_1|34907|G	G	T	22	bi	0	0	274	80	0	0	14	8	CDS	UHGG000299_00038	4D	G,G,G,G
gnl|Prokka|UHGG000299_1|34933|C	C	T	20	bi	0	273	0	70	0	13	0	7	CDS	UHGG000299_00038	1D	K,T,R,I
gnl|Prokka|UHGG000299_1|34963|G	G	A	16	bi	34	0	275	0	4	0	12	0	CDS	UHGG000299_00038	1D	E,A,G,V
gnl|Prokka|UHGG000299_1|34980|A	A	G	15	bi	273	0	27	0	12	0	3	0	CDS	UHGG000299_00038	1D	I,L,V,F
gnl|Prokka|UHGG000299_1|34981|T	T	C	15	bi	0	26	0	272	0	3	0	12	CDS	UHGG000299_00038	1D	N,T,S,I
gnl|Prokka|UHGG000299_1|34997|G	G	A	14	bi	19	0	258	0	2	0	12	0	CDS	UHGG000299_00038	4D	T,T,T,T
gnl|Prokka|UHGG000299_1|35000|C	C	T	15	bi	0	265	0	19	0	13	0	2	CDS	UHGG000299_00038	3D	R,S,R,S
gnl|Prokka|UHGG000299_1|35010|G	G	A	16	bi	20	0	263	0	2	0	14	0	CDS	UHGG000299_00038	1D	I,L,V,F
gnl|Prokka|UHGG000299_1|35012|T	T	A	15	bi	23	0	0	247	3	0	0	12	CDS	UHGG000299_00038	4D	V,V,V,V
gnl|Prokka|UHGG000299_1|35039|T	A	G	17	bi	117	0	162	0	10	0	7	0	IGR	None	None	None
gnl|Prokka|UHGG000299_1|35177|T	A	T	21	bi	188	0	0	187	15	0	0	6	CDS	UHGG000299_00039	4D	G,G,G,G
gnl|Prokka|UHGG000299_1|35183|C	C	T	22	bi	0	296	0	105	0	13	0	9	CDS	UHGG000299_00039	4D	S,S,S,S
gnl|Prokka|UHGG000299_1|35186|A	A	C	23	bi	294	102	0	0	14	9	0	0	CDS	UHGG000299_00039	4D	G,G,G,G
gnl|Prokka|UHGG000299_1|35213|C	C	T	22	bi	0	286	0	102	0	13	0	9	CDS	UHGG000299_00039	3D	I,I,M,I
gnl|Prokka|UHGG000299_1|35229|C	C	T	21	bi	0	331	0	30	0	19	0	2	CDS	UHGG000299_00039	1D	S,R,G,C
gnl|Prokka|UHGG000299_1|35234|G	G	A	22	bi	69	0	307	0	5	0	17	0	CDS	UHGG000299_00039	4D	P,P,P,P
gnl|Prokka|UHGG000299_1|35237|G	G	A	21	bi	69	0	287	0	5	0	16	0	CDS	UHGG000299_00039	4D	T,T,T,T
gnl|Prokka|UHGG000299_1|35324|C	C	T	19	bi	0	280	0	94	0	10	0	9	CDS	UHGG000299_00039	3D	L,F,L,F
gnl|Prokka|UHGG000299_1|35348|G	G	T	22	bi	0	0	300	81	0	0	16	6	CDS	UHGG000299_00039	4D	L,L,L,L
gnl|Prokka|UHGG000299_1|35360|C	C	A	22	bi	79	290	0	0	6	16	0	0	CDS	UHGG000299_00039	4D	T,T,T,T
gnl|Prokka|UHGG000299_1|35438|A	A	C	28	bi	392	13	0	0	27	2	0	0	CDS	UHGG000299_00039	4D	A,A,A,A
gnl|Prokka|UHGG000299_1|35453|G	G	A	27	bi	12	0	403	0	2	0	26	0	CDS	UHGG000299_00039	4D	G,G,G,G
gnl|Prokka|UHGG000299_1|35534|G	G	A	21	bi	102	0	296	0	6	0	15	0	CDS	UHGG000299_00039	4D	V,V,V,V
gnl|Prokka|UHGG000299_1|35543|T	T	G	22	bi	0	0	100	299	0	0	6	16	CDS	UHGG000299_00039	4D	P,P,P,P
gnl|Prokka|UHGG000299_1|35561|T	T	C	21	bi	0	109	0	283	0	7	0	14	CDS	UHGG000299_00039	3D	E,D,E,D
gnl|Prokka|UHGG000299_1|35564|A	A	G	20	bi	271	0	114	0	13	0	7	0	CDS	UHGG000299_00039	3D	E,D,E,D
gnl|Prokka|UHGG000299_1|35570|T	C	T	19	bi	0	201	0	192	0	13	0	6	CDS	UHGG000299_00039	4D	T,T,T,T
gnl|Prokka|UHGG000299_1|35763|A	G	A	24	bi	198	0	197	0	7	0	17	0	CDS	UHGG000299_00039	1D	I,L,V,F
gnl|Prokka|UHGG000299_1|35765|T	G	T	24	bi	0	0	175	214	0	0	15	9	CDS	UHGG000299_00039	3D	I,I,M,I
gnl|Prokka|UHGG000299_1|35767|G	A	G	24	bi	185	0	223	0	16	0	8	0	CDS	UHGG000299_00039	1D	Q,P,R,L
gnl|Prokka|UHGG000299_1|35777|C	A	C	24	bi	240	173	0	0	21	3	0	0	CDS	UHGG000299_00039	4D	A,A,A,A
gnl|Prokka|UHGG000299_1|36126|G	A	G	20	bi	181	0	182	0	15	0	5	0	CDS	UHGG000299_00040	3D	K,N,K,N
gnl|Prokka|UHGG000299_1|36165|G	G	A	19	bi	101	0	282	0	9	0	10	0	CDS	UHGG000299_00040	3D	Q,H,Q,H
gnl|Prokka|UHGG000299_1|36186|C	C	T	18	bi	0	306	0	66	0	15	0	3	CDS	UHGG000299_00040	4D	S,S,S,S
gnl|Prokka|UHGG000299_1|36261|G	A	G	19	bi	166	0	173	0	13	0	6	0	CDS	UHGG000299_00040	4D	T,T,T,T
gnl|Prokka|UHGG000299_1|36324|T	C	T	19	bi	0	149	0	206	0	13	0	6	CDS	UHGG000299_00040	4D	R,R,R,R
gnl|Prokka|UHGG000299_1|36327|C	C	T	22	bi	0	321	0	48	0	19	0	3	CDS	UHGG000299_00040	3D	_,Y,_,Y
gnl|Prokka|UHGG000299_1|36883|T	T	C	19	bi	0	74	0	211	0	8	0	11	CDS	UHGG000299_00040	2D	M,L,V,L
gnl|Prokka|UHGG000299_1|36897|C	A	C	20	bi	136	177	0	0	13	7	0	0	CDS	UHGG000299_00040	4D	G,G,G,G
gnl|Prokka|UHGG000299_1|36943|C	C	A	16	bi	73	224	0	0	7	9	0	0	CDS	UHGG000299_00040	1D	T,P,A,S
gnl|Prokka|UHGG000299_1|36948|A	G	C	16	tri	176	53	71	0	4	5	7	0	CDS	UHGG000299_00040	4D	S,S,S,S
gnl|Prokka|UHGG000299_1|36954|C	C	T	19	bi	0	251	0	75	0	11	0	8	CDS	UHGG000299_00040	4D	T,T,T,T
gnl|Prokka|UHGG000299_1|36960|G	A	G	19	bi	120	0	199	0	12	0	7	0	CDS	UHGG000299_00040	3D	E,D,E,D
gnl|Prokka|UHGG000299_1|36970|A	A	G	19	bi	262	0	60	0	14	0	5	0	CDS	UHGG000299_00040	1D	S,R,G,C
gnl|Prokka|UHGG000299_1|37068|T	C	T	17	bi	0	132	0	173	0	12	0	5	CDS	UHGG000299_00040	4D	V,V,V,V
gnl|Prokka|UHGG000299_1|37081|A	G	A	18	bi	53	0	255	0	3	0	15	0	CDS	UHGG000299_00040	1D	T,P,A,S
gnl|Prokka|UHGG000299_1|37131|G	A	G	20	bi	131	0	170	0	12	0	8	0	CDS	UHGG000299_00040	3D	L,F,L,F
gnl|Prokka|UHGG000299_1|37144|C	T	C	17	bi	0	160	0	112	0	6	0	11	CDS	UHGG000299_00040	2D	M,L,V,L
gnl|Prokka|UHGG000299_1|37341|A	A	G	22	bi	272	0	96	0	12	0	10	0	CDS	UHGG000299_00040	4D	A,A,A,A
gnl|Prokka|UHGG000299_1|37342|G	G	A	23	bi	95	0	272	0	10	0	13	0	CDS	UHGG000299_00040	1D	T,P,A,S
gnl|Prokka|UHGG000299_1|37521|A	G	A	19	bi	240	0	105	0	8	0	11	0	CDS	UHGG000299_00040	3D	E,D,E,D
gnl|Prokka|UHGG000299_1|37529|A	C	A	18	bi	246	100	0	0	8	10	0	0	CDS	UHGG000299_00040	1D	E,A,G,V
gnl|Prokka|UHGG000299_1|37532|A	A	G	17	bi	278	0	60	0	14	0	3	0	CDS	UHGG000299_00040	1D	N,T,S,I
gnl|Prokka|UHGG000299_1|37548|G	G	A	17	bi	48	0	284	0	2	0	15	0	CDS	UHGG000299_00040	3D	E,D,E,D
gnl|Prokka|UHGG000299_1|37633|G	G	A	18	bi	26	0	314	0	3	0	15	0	CDS	UHGG000299_00040	1D	K,Q,E,_
gnl|Prokka|UHGG000299_1|37642|G	C	G	18	bi	0	131	205	0	0	12	6	0	CDS	UHGG000299_00040	1D	T,P,A,S
gnl|Prokka|UHGG000299_1|37716|G	G	A	22	bi	78	0	310	0	6	0	16	0	CDS	UHGG000299_00040	3D	K,N,K,N
gnl|Prokka|UHGG000299_1|37719|G	G	A	22	bi	87	0	306	0	7	0	15	0	CDS	UHGG000299_00040	3D	E,D,E,D
gnl|Prokka|UHGG000299_1|37725|G	G	A	22	bi	79	0	314	0	6	0	16	0	CDS	UHGG000299_00040	3D	K,N,K,N
gnl|Prokka|UHGG000299_1|37818|C	C	T	20	bi	0	327	0	75	0	15	0	5	CDS	UHGG000299_00040	3D	E,D,E,D
gnl|Prokka|UHGG000299_1|38262|T	T	C	19	bi	0	69	0	303	0	4	0	15	CDS	UHGG000299_00040	4D	A,A,A,A
gnl|Prokka|UHGG000299_1|38277|T	T	A	22	bi	19	0	0	367	2	0	0	20	CDS	UHGG000299_00040	4D	T,T,T,T
gnl|Prokka|UHGG000299_1|38316|G	G	T	21	bi	0	0	369	16	0	0	19	2	CDS	UHGG000299_00040	4D	A,A,A,A
gnl|Prokka|UHGG000299_1|38725|A	A	G	21	bi	308	0	53	0	17	0	4	0	CDS	UHGG000299_00040	1D	K,Q,E,_
gnl|Prokka|UHGG000299_1|39152|A	A	G	20	bi	343	0	14	0	18	0	2	0	CDS	UHGG000299_00041	3D	E,D,E,D
gnl|Prokka|UHGG000299_1|39160|C	C	T	22	bi	0	278	0	92	0	13	0	9	CDS	UHGG000299_00041	1D	D,A,G,V
gnl|Prokka|UHGG000299_1|39164|G	G	A	22	bi	14	0	359	0	2	0	20	0	CDS	UHGG000299_00041	3D	E,D,E,D
gnl|Prokka|UHGG000299_1|39170|C	C	T	22	bi	0	355	0	13	0	20	0	2	CDS	UHGG000299_00041	4D	S,S,S,S
gnl|Prokka|UHGG000299_1|39251|G	G	A	22	bi	12	0	388	0	2	0	20	0	CDS	UHGG000299_00041	4D	G,G,G,G
gnl|Prokka|UHGG000299_1|39257|G	G	A	22	bi	24	0	381	0	3	0	19	0	CDS	UHGG000299_00041	3D	L,F,L,F
gnl|Prokka|UHGG000299_1|39258|A	A	G	23	bi	397	0	12	0	21	0	2	0	CDS	UHGG000299_00041	1D	I,L,V,F
gnl|Prokka|UHGG000299_1|39263|G	G	A	22	bi	84	0	306	0	5	0	17	0	CDS	UHGG000299_00041	4D	G,G,G,G
gnl|Prokka|UHGG000299_1|39329|C	C	T	19	bi	0	204	0	111	0	10	0	10	CDS	UHGG000299_00041	3D	R,S,R,S
gnl|Prokka|UHGG000299_1|39371|A	A	G	20	bi	348	0	21	0	18	0	2	0	CDS	UHGG000299_00041	4D	V,V,V,V
gnl|Prokka|UHGG000299_1|39377|C	C	A	19	bi	21	333	0	0	2	17	0	0	CDS	UHGG000299_00041	4D	A,A,A,A
gnl|Prokka|UHGG000299_1|39416|C	C	T	22	bi	0	389	0	13	0	20	0	2	CDS	UHGG000299_00041	4D	T,T,T,T
gnl|Prokka|UHGG000299_1|39683|G	G	A	26	bi	12	0	451	0	2	0	24	0	CDS	UHGG000299_00041	4D	T,T,T,T
gnl|Prokka|UHGG000299_1|39725|C	C	T	26	bi	0	438	0	16	0	24	0	2	CDS	UHGG000299_00041	4D	T,T,T,T
gnl|Prokka|UHGG000299_1|39974|G	A	G	19	bi	202	0	177	0	16	0	3	0	CDS	UHGG000299_00041	4D	A,A,A,A
gnl|Prokka|UHGG000299_1|40016|A	A	G	19	bi	371	0	17	0	17	0	2	0	CDS	UHGG000299_00041	4D	A,A,A,A
gnl|Prokka|UHGG000299_1|40103|C	C	T	22	bi	0	305	0	101	0	13	0	9	CDS	UHGG000299_00041	4D	A,A,A,A
gnl|Prokka|UHGG000299_1|40180|A	A	G	19	bi	315	0	106	0	13	0	6	0	IGR	None	None	None
gnl|Prokka|UHGG000299_1|40193|C	C	T	20	bi	0	314	0	99	0	14	0	6	IGR	None	None	None
gnl|Prokka|UHGG000299_1|40216|C	C	T	19	bi	0	304	0	118	0	10	0	9	IGR	None	None	None
gnl|Prokka|UHGG000299_1|40335|T	C	T	21	bi	0	160	0	267	0	14	0	7	CDS	UHGG000299_00042	4D	R,R,R,R
gnl|Prokka|UHGG000299_1|40354|C	T	C	23	bi	0	229	0	213	0	9	0	14	CDS	UHGG000299_00042	2D	I,L,V,L
gnl|Prokka|UHGG000299_1|40596|T	T	C	18	bi	0	86	0	243	0	6	0	12	CDS	UHGG000299_00042	3D	I,I,M,I
gnl|Prokka|UHGG000299_1|41268|C	T	C	22	bi	0	199	0	205	0	7	0	15	CDS	UHGG000299_00042	3D	I,I,M,I
gnl|Prokka|UHGG000299_1|41322|T	C	T	20	bi	0	201	0	171	0	15	0	5	CDS	UHGG000299_00042	3D	E,D,E,D
gnl|Prokka|UHGG000299_1|41385|A	G	A	21	bi	173	0	207	0	6	0	15	0	CDS	UHGG000299_00042	4D	T,T,T,T
gnl|Prokka|UHGG000299_1|41559|T	A	T	21	bi	200	0	0	164	15	0	0	6	CDS	UHGG000299_00042	4D	R,R,R,R
gnl|Prokka|UHGG000299_1|41595|A	G	A	19	bi	180	0	169	0	5	0	14	0	CDS	UHGG000299_00042	3D	E,D,E,D
gnl|Prokka|UHGG000299_1|41616|T	C	T	18	bi	0	142	0	205	0	12	0	6	CDS	UHGG000299_00042	3D	I,I,M,I
gnl|Prokka|UHGG000299_1|41646|A	A	G	14	bi	293	0	19	0	12	0	2	0	CDS	UHGG000299_00042	4D	A,A,A,A
gnl|Prokka|UHGG000299_1|41661|G	A	G	17	bi	131	0	172	0	13	0	4	0	IGR	None	None	None
gnl|Prokka|UHGG000299_1|41668|C	T	C	15	bi	0	198	0	91	0	7	0	8	IGR	None	None	None
gnl|Prokka|UHGG000299_1|42105|G	A	G	14	bi	76	0	166	0	9	0	5	0	IGR	None	None	None
gnl|Prokka|UHGG000299_1|42135|G	G	A	14	bi	43	0	200	0	5	0	9	0	IGR	None	None	None
gnl|Prokka|UHGG000299_1|42393|C	A	C	22	bi	196	182	0	0	16	6	0	0	CDS	UHGG000299_00043	4D	S,S,S,S
gnl|Prokka|UHGG000299_1|42396|C	T	C	22	bi	0	181	0	198	0	6	0	16	CDS	UHGG000299_00043	4D	R,R,R,R
gnl|Prokka|UHGG000299_1|42429|T	C	T	19	bi	0	188	0	170	0	14	0	5	CDS	UHGG000299_00043	3D	I,I,M,I
gnl|Prokka|UHGG000299_1|42486|G	T	G	19	bi	0	0	159	177	0	0	5	14	CDS	UHGG000299_00043	4D	G,G,G,G
gnl|Prokka|UHGG000299_1|42492|G	A	G	22	bi	138	0	232	0	11	0	11	0	CDS	UHGG000299_00043	4D	T,T,T,T
gnl|Prokka|UHGG000299_1|42667|A	A	G	20	bi	205	0	143	0	19	0	2	0	CDS	UHGG000299_00043	1D	S,R,G,C
gnl|Prokka|UHGG000299_1|42705|G	A	G	20	bi	194	0	140	0	16	0	4	0	CDS	UHGG000299_00043	4D	T,T,T,T
gnl|Prokka|UHGG000299_1|42741|G	A	G	18	bi	195	0	159	0	15	0	3	0	CDS	UHGG000299_00043	3D	L,F,L,F
gnl|Prokka|UHGG000299_1|42744|T	G	T	20	bi	0	0	193	168	0	0	15	5	CDS	UHGG000299_00043	4D	T,T,T,T
gnl|Prokka|UHGG000299_1|42789|T	C	T	21	bi	0	198	0	179	0	17	0	4	CDS	UHGG000299_00043	3D	I,I,M,I
gnl|Prokka|UHGG000299_1|43066|C	T	C	22	bi	0	175	0	204	0	3	0	19	CDS	UHGG000299_00043	1D	S,R,G,C
gnl|Prokka|UHGG000299_1|43094|A	G	A	21	bi	172	0	174	0	5	0	16	0	CDS	UHGG000299_00043	1D	H,P,R,L
gnl|Prokka|UHGG000299_1|43383|T	C	T	21	bi	0	130	0	267	0	12	0	9	CDS	UHGG000299_00043	3D	I,I,M,I
gnl|Prokka|UHGG000299_1|43389|A	G	A	21	bi	261	0	127	0	9	0	12	0	CDS	UHGG000299_00043	4D	A,A,A,A
gnl|Prokka|UHGG000299_1|43683|A	A	G	18	bi	261	0	92	0	12	0	6	0	CDS	UHGG000299_00043	3D	_,Y,_,Y
gnl|Prokka|UHGG000299_1|43691|G	G	A	20	bi	104	0	254	0	9	0	11	0	IGR	None	None	None
gnl|Prokka|UHGG000299_1|43837|A	G	A	18	bi	171	0	177	0	4	0	14	0	CDS	UHGG000299_00044	3D	K,N,K,N
gnl|Prokka|UHGG000299_1|43861|C	T	C	17	bi	0	183	0	169	0	6	0	11	CDS	UHGG000299_00044	3D	L,F,L,F
gnl|Prokka|UHGG000299_1|43873|A	A	G	19	bi	303	0	78	0	15	0	4	0	CDS	UHGG000299_00044	3D	L,F,L,F
gnl|Prokka|UHGG000299_1|43908|T	T	G	22	bi	0	0	67	333	0	0	4	18	CDS	UHGG000299_00044	1D	K,T,R,M
gnl|Prokka|UHGG000299_1|43912|T	C	T	24	bi	0	210	0	178	0	18	0	6	CDS	UHGG000299_00044	3D	E,D,E,D
gnl|Prokka|UHGG000299_1|43915|T	T	C	25	bi	0	73	0	325	0	6	0	19	CDS	UHGG000299_00044	4D	R,R,R,R
gnl|Prokka|UHGG000299_1|43919|A	A	C	23	bi	359	17	0	0	21	2	0	0	CDS	UHGG000299_00044	2D	I,L,V,L
gnl|Prokka|UHGG000299_1|43966|G	C	G	23	bi	0	178	186	0	0	16	7	0	CDS	UHGG000299_00044	4D	T,T,T,T
gnl|Prokka|UHGG000299_1|43972|A	A	G	27	bi	274	0	125	0	15	0	12	0	CDS	UHGG000299_00044	3D	E,D,E,D
gnl|Prokka|UHGG000299_1|43975|A	A	G	25	bi	311	0	75	0	19	0	6	0	CDS	UHGG000299_00044	4D	G,G,G,G
gnl|Prokka|UHGG000299_1|44056|G	G	A	21	bi	92	0	252	0	8	0	13	0	CDS	UHGG000299_00044	4D	P,P,P,P
gnl|Prokka|UHGG000299_1|44123|G	A	G	27	bi	209	0	224	0	19	0	8	0	CDS	UHGG000299_00044	1D	I,L,V,F
gnl|Prokka|UHGG000299_1|44137|A	G	A	23	bi	239	0	195	0	8	0	15	0	CDS	UHGG000299_00044	4D	G,G,G,G
gnl|Prokka|UHGG000299_1|44170|C	C	T	24	bi	0	314	0	109	0	18	0	6	CDS	UHGG000299_00044	4D	G,G,G,G
gnl|Prokka|UHGG000299_1|44212|C	C	T	22	bi	0	300	0	82	0	16	0	6	CDS	UHGG000299_00044	4D	S,S,S,S
gnl|Prokka|UHGG000299_1|44216|G	G	A	21	bi	78	0	291	0	6	0	15	0	CDS	UHGG000299_00044	1D	S,R,G,C
gnl|Prokka|UHGG000299_1|44425|A	A	G	20	bi	221	0	107	0	10	0	10	0	IGR	None	None	None
gnl|Prokka|UHGG000299_1|44761|T	C	T	20	bi	0	136	0	246	0	12	0	8	CDS	UHGG000299_00045	2D	I,L,V,L
gnl|Prokka|UHGG000299_1|44763|A	G	A	21	bi	188	0	196	0	4	0	17	0	CDS	UHGG000299_00045	3D	L,F,L,F
gnl|Prokka|UHGG000299_1|44811|C	T	C	22	bi	0	169	0	209	0	3	0	19	CDS	UHGG000299_00045	4D	G,G,G,G
gnl|Prokka|UHGG000299_1|44913|G	G	A	24	bi	85	0	344	0	5	0	19	0	CDS	UHGG000299_00045	4D	G,G,G,G
gnl|Prokka|UHGG000299_1|44952|G	G	A	22	bi	67	0	338	0	4	0	18	0	CDS	UHGG000299_00045	4D	R,R,R,R
gnl|Prokka|UHGG000299_1|45084|T	T	C	22	bi	0	57	0	338	0	5	0	17	CDS	UHGG000299_00045	4D	T,T,T,T
gnl|Prokka|UHGG000299_1|45549|G	G	A	26	bi	22	0	383	0	4	0	23	0	CDS	UHGG000299_00045	4D	T,T,T,T
gnl|Prokka|UHGG000299_1|45633|A	G	A	23	bi	142	0	239	0	4	0	19	0	CDS	UHGG000299_00045	3D	E,D,E,D
gnl|Prokka|UHGG000299_1|45666|A	A	G	25	bi	280	0	109	0	16	0	9	0	CDS	UHGG000299_00045	3D	K,N,K,N
gnl|Prokka|UHGG000299_1|45675|T	T	C	24	bi	0	23	0	385	0	3	0	21	CDS	UHGG000299_00045	3D	I,I,M,I
gnl|Prokka|UHGG000299_1|45729|G	A	G	24	bi	196	0	177	0	17	0	7	0	CDS	UHGG000299_00045	3D	E,D,E,D
gnl|Prokka|UHGG000299_1|45759|T	C	T	23	bi	0	129	0	250	0	12	0	11	CDS	UHGG000299_00045	4D	G,G,G,G
gnl|Prokka|UHGG000299_1|45837|G	G	A	20	bi	90	0	312	0	6	0	14	0	CDS	UHGG000299_00045	3D	K,N,K,N
gnl|Prokka|UHGG000299_1|45843|C	C	T	21	bi	0	313	0	93	0	15	0	6	CDS	UHGG000299_00045	4D	S,S,S,S
gnl|Prokka|UHGG000299_1|45873|C	C	T	24	bi	0	276	0	139	0	13	0	11	CDS	UHGG000299_00045	3D	I,I,M,I
gnl|Prokka|UHGG000299_1|45900|C	C	T	23	bi	0	315	0	89	0	16	0	7	CDS	UHGG000299_00045	2D	_,C,W,C
gnl|Prokka|UHGG000299_1|45915|C	C	T	23	bi	0	381	0	26	0	20	0	3	CDS	UHGG000299_00045	4D	G,G,G,G
gnl|Prokka|UHGG000299_1|45918|C	C	T	22	bi	0	284	0	121	0	12	0	10	CDS	UHGG000299_00045	3D	_,Y,_,Y
gnl|Prokka|UHGG000299_1|45963|C	C	T	21	bi	0	270	0	98	0	13	0	8	CDS	UHGG000299_00045	4D	V,V,V,V
gnl|Prokka|UHGG000299_1|46131|T	C	T	23	bi	0	136	0	235	0	12	0	11	CDS	UHGG000299_00045	3D	E,D,E,D
gnl|Prokka|UHGG000299_1|46137|A	A	G	23	bi	238	0	121	0	12	0	11	0	CDS	UHGG000299_00045	4D	A,A,A,A
gnl|Prokka|UHGG000299_1|46152|A	G	A	21	bi	217	0	112	0	10	0	11	0	CDS	UHGG000299_00045	4D	R,R,R,R
gnl|Prokka|UHGG000299_1|46176|T	G	T	21	bi	0	0	185	152	0	0	17	4	CDS	UHGG000299_00045	4D	T,T,T,T
gnl|Prokka|UHGG000299_1|46185|C	T	A	22	tri	70	166	0	123	7	4	0	11	CDS	UHGG000299_00045	4D	R,R,R,R
gnl|Prokka|UHGG000299_1|46332|A	A	G	21	bi	311	0	72	0	14	0	7	0	CDS	UHGG000299_00045	4D	P,P,P,P
gnl|Prokka|UHGG000299_1|46401|G	A	G	21	bi	172	0	169	0	18	0	3	0	IGR	None	None	None
gnl|Prokka|UHGG000299_1|46402|C	T	C	21	bi	0	169	0	166	0	4	0	17	IGR	None	None	None
gnl|Prokka|UHGG000299_1|46403|C	T	C	19	bi	0	174	0	162	0	4	0	15	IGR	None	None	None
gnl|Prokka|UHGG000299_1|46408|T	C	T	20	bi	0	165	0	172	0	16	0	4	IGR	None	None	None
gnl|Prokka|UHGG000299_1|46417|T	T	G	22	bi	0	0	88	258	0	0	9	13	IGR	None	None	None
gnl|Prokka|UHGG000299_1|46435|C	C	T	22	bi	0	284	0	81	0	15	0	7	IGR	None	None	None
gnl|Prokka|UHGG000299_1|46493|G	G	A	23	bi	72	0	304	0	6	0	17	0	CDS	UHGG000299_00046	3D	E,D,E,D
gnl|Prokka|UHGG000299_1|46538|C	C	T	19	bi	0	300	0	68	0	14	0	5	CDS	UHGG000299_00046	3D	R,S,R,S
gnl|Prokka|UHGG000299_1|46685|G	G	A	19	bi	132	0	214	0	9	0	10	0	CDS	UHGG000299_00046	3D	K,N,K,N
gnl|Prokka|UHGG000299_1|47149|A	A	G	21	bi	264	0	115	0	13	0	8	0	CDS	UHGG000299_00046	1D	K,T,R,M
gnl|Prokka|UHGG000299_1|47597|G	A	G	21	bi	203	0	151	0	18	0	3	0	CDS	UHGG000299_00046	3D	E,D,E,D
gnl|Prokka|UHGG000299_1|47792|C	C	T	20	bi	0	263	0	112	0	11	0	9	CDS	UHGG000299_00046	4D	S,S,S,S
gnl|Prokka|UHGG000299_1|48104|C	C	T	22	bi	0	260	0	134	0	12	0	10	CDS	UHGG000299_00046	3D	K,N,K,N
gnl|Prokka|UHGG000299_1|48245|T	T	C	24	bi	0	163	0	260	0	11	0	13	CDS	UHGG000299_00046	4D	T,T,T,T
gnl|Prokka|UHGG000299_1|48272|C	C	T	20	bi	0	308	0	81	0	14	0	6	CDS	UHGG000299_00046	3D	E,D,E,D
gnl|Prokka|UHGG000299_1|48312|A	A	G	20	bi	335	0	74	0	15	0	5	0	CDS	UHGG000299_00046	1D	T,P,A,S
gnl|Prokka|UHGG000299_1|48315|T	T	C	18	bi	0	145	0	265	0	8	0	10	CDS	UHGG000299_00046	2D	I,L,V,L
gnl|Prokka|UHGG000299_1|48323|A	A	G	21	bi	261	0	139	0	11	0	10	0	CDS	UHGG000299_00046	3D	E,D,E,D
gnl|Prokka|UHGG000299_1|48692|C	C	T	22	bi	0	272	0	98	0	13	0	9	CDS	UHGG000299_00046	4D	L,L,L,L
gnl|Prokka|UHGG000299_1|48734|C	C	A	18	bi	66	239	0	0	7	11	0	0	IGR	None	None	None
gnl|Prokka|UHGG000299_1|48735|T	T	C	18	bi	0	71	0	234	0	7	0	11	IGR	None	None	None
gnl|Prokka|UHGG000299_1|48750|C	C	T	19	bi	0	220	0	58	0	12	0	7	IGR	None	None	None
gnl|Prokka|UHGG000299_1|48759|G	G	A	15	bi	49	0	175	0	4	0	11	0	IGR	None	None	None
gnl|Prokka|UHGG000299_1|49933|A	A	G	21	bi	244	0	109	0	12	0	9	0	CDS	UHGG000299_00047	4D	L,L,L,L
gnl|Prokka|UHGG000299_1|49981|C	C	T	19	bi	0	231	0	72	0	12	0	7	CDS	UHGG000299_00047	4D	T,T,T,T
gnl|Prokka|UHGG000299_1|50032|G	G	A	20	bi	68	0	212	0	8	0	12	0	CDS	UHGG000299_00047	2D	C,W,C,_
gnl|Prokka|UHGG000299_1|50047|A	A	G	21	bi	216	0	73	0	13	0	8	0	CDS	UHGG000299_00047	4D	L,L,L,L
gnl|Prokka|UHGG000299_1|50089|A	A	C	21	bi	287	49	0	0	17	4	0	0	CDS	UHGG000299_00047	4D	S,S,S,S
gnl|Prokka|UHGG000299_1|50133|C	C	T	22	bi	0	258	0	120	0	12	0	10	CDS	UHGG000299_00047	1D	_,E,Q,K
gnl|Prokka|UHGG000299_1|50137|G	A	G	21	bi	161	0	218	0	12	0	9	0	CDS	UHGG000299_00047	4D	L,L,L,L
gnl|Prokka|UHGG000299_1|50203|G	G	A	22	bi	112	0	266	0	9	0	13	0	CDS	UHGG000299_00047	4D	P,P,P,P
gnl|Prokka|UHGG000299_1|50221|C	C	T	21	bi	0	257	0	97	0	12	0	9	CDS	UHGG000299_00047	3D	D,E,D,E
gnl|Prokka|UHGG000299_1|50572|A	A	G	27	bi	316	0	67	0	23	0	4	0	CDS	UHGG000299_00047	3D	D,E,D,E
gnl|Prokka|UHGG000299_1|50674|A	A	G	23	bi	251	0	114	0	13	0	10	0	CDS	UHGG000299_00047	4D	A,A,A,A
gnl|Prokka|UHGG000299_1|50686|T	C	T	19	bi	0	135	0	179	0	12	0	7	CDS	UHGG000299_00047	4D	T,T,T,T
gnl|Prokka|UHGG000299_1|50688|T	T	C	20	bi	0	71	0	246	0	5	0	15	CDS	UHGG000299_00047	1D	S,A,P,T
gnl|Prokka|UHGG000299_1|50701|A	G	A	22	bi	176	0	155	0	8	0	14	0	CDS	UHGG000299_00047	4D	A,A,A,A
gnl|Prokka|UHGG000299_1|50713|A	A	G	21	bi	241	0	75	0	16	0	5	0	CDS	UHGG000299_00047	4D	R,R,R,R
gnl|Prokka|UHGG000299_1|50749|C	C	T	24	bi	0	254	0	100	0	15	0	9	CDS	UHGG000299_00047	3D	I,M,I,I
gnl|Prokka|UHGG000299_1|50773|A	G	A	22	bi	25	0	309	0	4	0	18	0	CDS	UHGG000299_00047	3D	I,M,I,I
gnl|Prokka|UHGG000299_1|50781|T	T	C	23	bi	0	11	0	305	0	2	0	21	CDS	UHGG000299_00047	1D	S,A,P,T
gnl|Prokka|UHGG000299_1|50818|C	C	T	17	bi	0	239	0	54	0	13	0	4	IGR	None	None	None
gnl|Prokka|UHGG000299_1|50825|G	A	G	16	bi	85	0	199	0	8	0	8	0	IGR	None	None	None
gnl|Prokka|UHGG000299_1|50903|C	C	A	19	bi	55	260	0	0	4	16	0	0	IGR	None	None	None
gnl|Prokka|UHGG000299_1|50935|T	T	A	19	bi	10	0	0	313	2	0	0	19	IGR	None	None	None
gnl|Prokka|UHGG000299_1|50946|T	T	C	21	bi	0	56	0	301	0	3	0	21	IGR	None	None	None
gnl|Prokka|UHGG000299_1|50955|T	T	C	21	bi	0	49	0	309	0	3	0	21	IGR	None	None	None
gnl|Prokka|UHGG000299_1|50969|C	C	A	19	bi	46	307	0	0	2	19	0	0	IGR	None	None	None
gnl|Prokka|UHGG000299_1|50970|A	A	T	20	bi	349	0	3	6	20	0	1	2	IGR	None	None	None
gnl|Prokka|UHGG000299_1|50995|T	T	C	21	bi	0	49	0	344	0	12	0	21	IGR	None	None	None
gnl|Prokka|UHGG000299_1|51019|T	T	C	24	bi	0	11	0	436	0	3	0	24	IGR	None	None	None
gnl|Prokka|UHGG000299_1|51032|G	G	A	24	bi	15	0	426	0	3	0	24	0	IGR	None	None	None
gnl|Prokka|UHGG000299_1|51033|G	G	A	25	bi	11	0	445	0	3	0	25	0	IGR	None	None	None
gnl|Prokka|UHGG000299_1|51093|G	G	A	24	bi	20	0	350	0	4	0	24	0	IGR	None	None	None
gnl|Prokka|UHGG000299_1|51109|A	A	T	21	bi	262	0	0	27	17	0	0	4	IGR	None	None	None
gnl|Prokka|UHGG000299_1|51218|G	G	A	19	bi	20	0	379	0	2	0	17	0	IGR	None	None	None
gnl|Prokka|UHGG000299_1|51242|C	C	T	18	bi	0	305	0	74	0	12	0	6	IGR	None	None	None
gnl|Prokka|UHGG000299_1|51269|C	C	T	20	bi	0	301	0	81	0	13	0	7	IGR	None	None	None
gnl|Prokka|UHGG000299_1|51275|C	C	T	22	bi	0	289	0	111	0	15	0	7	IGR	None	None	None
gnl|Prokka|UHGG000299_1|51340|A	A	C	20	bi	379	6	0	0	20	2	0	0	IGR	None	None	None
gnl|Prokka|UHGG000299_1|51349|C	C	T	21	bi	0	244	0	159	0	21	0	2	IGR	None	None	None
gnl|Prokka|UHGG000299_1|51456|C	C	T	18	bi	0	290	0	77	0	13	0	5	IGR	None	None	None
gnl|Prokka|UHGG000299_1|51793|C	C	T	15	bi	0	191	0	43	0	10	0	5	CDS	UHGG000299_00048	4D	R,R,R,R
gnl|Prokka|UHGG000299_1|51833|G	G	A	18	bi	79	0	203	0	8	0	10	0	CDS	UHGG000299_00048	1D	T,P,A,S
gnl|Prokka|UHGG000299_1|52178|C	C	T	18	bi	0	246	0	82	0	11	0	7	CDS	UHGG000299_00049	1D	D,A,G,V
gnl|Prokka|UHGG000299_1|52197|G	A	G	22	bi	192	0	156	0	17	0	5	0	CDS	UHGG000299_00049	3D	E,D,E,D
gnl|Prokka|UHGG000299_1|52212|C	T	C	18	bi	0	186	0	130	0	8	0	10	CDS	UHGG000299_00049	3D	R,S,R,S
gnl|Prokka|UHGG000299_1|52245|T	C	T	18	bi	0	160	0	185	0	13	0	5	CDS	UHGG000299_00049	3D	L,F,L,F
gnl|Prokka|UHGG000299_1|52263|A	A	T	16	bi	256	0	0	75	11	0	0	5	CDS	UHGG000299_00049	3D	K,N,K,N
gnl|Prokka|UHGG000299_1|52467|C	C	T	22	bi	0	260	0	81	0	15	0	7	CDS	UHGG000299_00049	3D	R,S,R,S
gnl|Prokka|UHGG000299_1|52568|A	A	G	20	bi	269	0	112	0	14	0	6	0	CDS	UHGG000299_00049	1D	N,T,S,I
gnl|Prokka|UHGG000299_1|52672|G	G	A	23	bi	93	0	295	0	7	0	16	0	CDS	UHGG000299_00049	1D	K,Q,E,_
gnl|Prokka|UHGG000299_1|52704|T	T	C	23	bi	0	94	0	297	0	7	0	16	CDS	UHGG000299_00049	3D	E,D,E,D
gnl|Prokka|UHGG000299_1|52710|A	A	G	22	bi	287	0	83	0	16	0	6	0	CDS	UHGG000299_00049	3D	K,N,K,N
gnl|Prokka|UHGG000299_1|52714|C	C	T	22	bi	0	286	0	78	0	16	0	6	CDS	UHGG000299_00049	2D	I,L,V,L
gnl|Prokka|UHGG000299_1|52795|C	C	T	21	bi	0	291	0	70	0	16	0	5	CDS	UHGG000299_00049	1D	K,Q,E,_
gnl|Prokka|UHGG000299_1|52796|A	A	C	21	bi	280	71	0	0	16	5	0	0	CDS	UHGG000299_00049	1D	Q,P,R,L
gnl|Prokka|UHGG000299_1|52797|G	G	T	20	bi	0	0	273	76	0	0	14	6	CDS	UHGG000299_00049	3D	Q,H,Q,H
gnl|Prokka|UHGG000299_1|52833|G	G	T	20	bi	0	0	289	55	0	0	15	5	CDS	UHGG000299_00049	3D	E,D,E,D
gnl|Prokka|UHGG000299_1|53088|A	G	A	15	bi	158	0	108	0	6	0	9	0	CDS	UHGG000299_00050	3D	Y,_,Y,_
gnl|Prokka|UHGG000299_1|53093|C	T	C	16	bi	0	158	0	103	0	7	0	9	CDS	UHGG000299_00050	1D	F,V,L,I
gnl|Prokka|UHGG000299_1|53094|G	A	G	15	bi	107	0	155	0	9	0	6	0	CDS	UHGG000299_00050	3D	I,M,I,I
gnl|Prokka|UHGG000299_1|53124|A	G	A	15	bi	167	0	119	0	6	0	9	0	CDS	UHGG000299_00050	3D	Y,_,Y,_
gnl|Prokka|UHGG000299_1|53127|A	A	G	15	bi	277	0	13	0	13	0	2	0	CDS	UHGG000299_00050	4D	L,L,L,L
gnl|Prokka|UHGG000299_1|53207|A	A	G	22	bi	228	0	126	0	11	0	11	0	CDS	UHGG000299_00050	1D	S,A,P,T
gnl|Prokka|UHGG000299_1|53313|G	A	G	21	bi	144	0	209	0	11	0	10	0	CDS	UHGG000299_00050	3D	N,K,N,K
gnl|Prokka|UHGG000299_1|53322|T	C	T	22	bi	0	144	0	206	0	11	0	11	CDS	UHGG000299_00050	3D	N,K,N,K
gnl|Prokka|UHGG000299_1|53334|C	C	T	19	bi	0	257	0	75	0	12	0	7	CDS	UHGG000299_00050	4D	A,A,A,A
gnl|Prokka|UHGG000299_1|53346|A	G	A	20	bi	167	0	168	0	5	0	15	0	CDS	UHGG000299_00050	4D	T,T,T,T
gnl|Prokka|UHGG000299_1|53358|A	G	A	20	bi	163	0	168	0	5	0	15	0	CDS	UHGG000299_00050	3D	H,Q,H,Q
gnl|Prokka|UHGG000299_1|53412|G	G	A	21	bi	66	0	276	0	4	0	17	0	CDS	UHGG000299_00050	3D	N,K,N,K
gnl|Prokka|UHGG000299_1|53492|T	T	G	21	bi	0	0	97	264	0	0	10	11	CDS	UHGG000299_00050	2D	_,G,R,R
gnl|Prokka|UHGG000299_1|53763|T	T	C	18	bi	0	16	0	327	0	3	0	15	CDS	UHGG000299_00050	4D	T,T,T,T
gnl|Prokka|UHGG000299_1|53811|C	C	T	20	bi	0	280	0	86	0	12	0	8	CDS	UHGG000299_00050	4D	T,T,T,T
gnl|Prokka|UHGG000299_1|53826|C	C	T	20	bi	0	305	0	78	0	13	0	7	CDS	UHGG000299_00050	3D	N,K,N,K
gnl|Prokka|UHGG000299_1|53827|T	T	G	20	bi	0	0	78	306	0	0	7	13	CDS	UHGG000299_00050	1D	M,R,T,K
gnl|Prokka|UHGG000299_1|53840|C	C	T	20	bi	0	299	0	62	0	16	0	4	CDS	UHGG000299_00050	1D	S,A,P,T
gnl|Prokka|UHGG000299_1|53857|G	G	A	19	bi	73	0	277	0	7	0	12	0	CDS	UHGG000299_00050	1D	V,G,A,D
gnl|Prokka|UHGG000299_1|53979|G	G	A	19	bi	23	0	305	0	2	0	17	0	CDS	UHGG000299_00050	3D	N,K,N,K
gnl|Prokka|UHGG000299_1|54018|T	T	G	20	bi	0	0	27	297	0	0	2	18	CDS	UHGG000299_00050	4D	G,G,G,G
gnl|Prokka|UHGG000299_1|54049|A	A	G	19	bi	204	0	117	0	11	0	8	0	CDS	UHGG000299_00050	1D	I,S,T,N
gnl|Prokka|UHGG000299_1|54095|T	C	T	20	bi	0	173	0	190	0	13	0	7	CDS	UHGG000299_00050	1D	_,E,Q,K
gnl|Prokka|UHGG000299_1|54102|T	T	C	18	bi	0	54	0	288	0	5	0	13	CDS	UHGG000299_00050	4D	A,A,A,A
gnl|Prokka|UHGG000299_1|54104|C	C	A	17	bi	92	245	0	0	6	11	0	0	CDS	UHGG000299_00050	1D	S,A,P,T
gnl|Prokka|UHGG000299_1|54132|G	C	G	20	bi	0	155	209	0	0	11	9	0	CDS	UHGG000299_00050	4D	T,T,T,T
gnl|Prokka|UHGG000299_1|54138|T	T	C	23	bi	0	83	0	291	0	5	0	18	CDS	UHGG000299_00050	3D	N,K,N,K
gnl|Prokka|UHGG000299_1|54197|T	C	T	24	bi	0	192	0	208	0	15	0	9	CDS	UHGG000299_00050	1D	Y,D,H,N
gnl|Prokka|UHGG000299_1|54213|G	G	A	22	bi	79	0	308	0	6	0	16	0	CDS	UHGG000299_00050	4D	V,V,V,V
gnl|Prokka|UHGG000299_1|54246|A	A	G	20	bi	312	0	67	0	14	0	6	0	CDS	UHGG000299_00050	3D	I,M,I,I
gnl|Prokka|UHGG000299_1|54294|A	A	G	19	bi	307	0	73	0	12	0	7	0	CDS	UHGG000299_00050	4D	L,L,L,L
gnl|Prokka|UHGG000299_1|54300|A	A	G	19	bi	302	0	76	0	14	0	5	0	CDS	UHGG000299_00050	3D	D,E,D,E
gnl|Prokka|UHGG000299_1|54321|T	T	G	18	bi	0	0	75	314	0	0	6	12	CDS	UHGG000299_00050	4D	A,A,A,A
gnl|Prokka|UHGG000299_1|54522|T	T	C	19	bi	0	86	0	297	0	7	0	12	CDS	UHGG000299_00050	4D	T,T,T,T
gnl|Prokka|UHGG000299_1|54551|G	G	A	18	bi	84	0	261	0	4	0	14	0	IGR	None	None	None
gnl|Prokka|UHGG000299_1|54587|T	A	T	16	bi	145	0	0	157	10	0	0	6	IGR	None	None	None
gnl|Prokka|UHGG000299_1|54596|A	A	T	15	bi	227	0	0	72	8	0	0	7	IGR	None	None	None
gnl|Prokka|UHGG000299_1|54723|T	C	T	22	bi	0	169	0	178	0	15	0	8	CDS	UHGG000299_00051	1D	Y,D,H,N
gnl|Prokka|UHGG000299_1|54730|A	A	G	20	bi	272	0	64	0	14	0	6	0	CDS	UHGG000299_00051	4D	R,R,R,R
gnl|Prokka|UHGG000299_1|54865|C	C	T	22	bi	0	327	0	49	0	19	0	3	CDS	UHGG000299_00051	4D	G,G,G,G
gnl|Prokka|UHGG000299_1|54900|G	G	T	21	bi	0	8	218	119	0	1	11	9	CDS	UHGG000299_00051	1D	S,A,P,T
gnl|Prokka|UHGG000299_1|54907|A	A	G	23	bi	275	0	97	0	16	0	7	0	CDS	UHGG000299_00051	3D	I,M,I,I
gnl|Prokka|UHGG000299_1|54910|C	C	T	21	bi	0	310	0	48	0	18	0	3	CDS	UHGG000299_00051	3D	N,K,N,K
gnl|Prokka|UHGG000299_1|55017|A	A	C	22	bi	203	138	0	0	11	11	0	0	CDS	UHGG000299_00051	1D	S,A,P,T
gnl|Prokka|UHGG000299_1|55018|A	A	T	21	bi	204	0	0	129	11	0	0	10	CDS	UHGG000299_00051	4D	S,S,S,S
gnl|Prokka|UHGG000299_1|55021|T	T	C	21	bi	0	83	0	248	0	7	0	14	CDS	UHGG000299_00051	3D	N,K,N,K
gnl|Prokka|UHGG000299_1|55042|T	T	C	18	bi	0	76	0	239	0	5	0	13	CDS	UHGG000299_00051	4D	T,T,T,T
gnl|Prokka|UHGG000299_1|55096|T	T	C	17	bi	0	70	0	219	0	4	0	13	CDS	UHGG000299_00051	3D	F,L,F,L
gnl|Prokka|UHGG000299_1|55211|A	A	G	20	bi	252	0	37	0	15	0	5	0	IGR	None	None	None
gnl|Prokka|UHGG000299_1|55226|G	G	A	23	bi	51	0	264	0	7	0	16	0	IGR	None	None	None
gnl|Prokka|UHGG000299_1|55432|G	G	A	22	bi	61	0	324	0	3	0	19	0	CDS	UHGG000299_00052	1D	N,H,D,Y
gnl|Prokka|UHGG000299_1|55449|T	T	C	22	bi	0	158	0	246	0	10	0	12	CDS	UHGG000299_00052	4D	S,S,S,S
gnl|Prokka|UHGG000299_1|55466|A	A	G	20	bi	333	0	78	0	15	0	5	0	CDS	UHGG000299_00052	1D	Q,P,R,L
gnl|Prokka|UHGG000299_1|55554|T	C	T	19	bi	0	147	0	193	0	11	0	8	CDS	UHGG000299_00052	4D	G,G,G,G
gnl|Prokka|UHGG000299_1|55563|G	A	G	23	bi	152	0	247	0	12	0	11	0	CDS	UHGG000299_00052	4D	P,P,P,P
gnl|Prokka|UHGG000299_1|55569|G	G	A	20	bi	59	0	321	0	2	0	18	0	CDS	UHGG000299_00052	4D	T,T,T,T
gnl|Prokka|UHGG000299_1|55713|A	A	G	23	bi	327	0	85	0	16	0	7	0	CDS	UHGG000299_00052	4D	P,P,P,P
gnl|Prokka|UHGG000299_1|55742|T	T	G	20	bi	0	0	62	316	0	0	4	16	CDS	UHGG000299_00052	1D	E,A,G,V
gnl|Prokka|UHGG000299_1|55789|A	A	C	21	bi	311	72	0	0	14	7	0	0	CDS	UHGG000299_00052	2D	R,R,G,_
gnl|Prokka|UHGG000299_1|55800|G	G	A	23	bi	69	0	340	0	6	0	17	0	CDS	UHGG000299_00052	4D	G,G,G,G
gnl|Prokka|UHGG000299_1|55824|G	G	A	22	bi	72	0	340	0	6	0	16	0	CDS	UHGG000299_00052	3D	K,N,K,N
gnl|Prokka|UHGG000299_1|55889|C	C	T	22	bi	0	326	0	87	0	16	0	6	CDS	UHGG000299_00052	1D	E,A,G,V
gnl|Prokka|UHGG000299_1|55942|T	T	C	23	bi	0	102	0	319	0	6	0	17	CDS	UHGG000299_00053	3D	_,Y,_,Y
gnl|Prokka|UHGG000299_1|55954|C	C	T	23	bi	0	325	0	96	0	17	0	6	CDS	UHGG000299_00053	2D	_,C,W,C
gnl|Prokka|UHGG000299_1|55955|G	G	A	26	bi	89	0	357	0	5	0	21	0	CDS	UHGG000299_00053	1D	I,L,V,F
gnl|Prokka|UHGG000299_1|56050|G	G	A	18	bi	54	0	294	0	4	0	14	0	CDS	UHGG000299_00053	3D	E,D,E,D
gnl|Prokka|UHGG000299_1|56311|G	G	A	20	bi	78	0	304	0	4	0	16	0	CDS	UHGG000299_00053	3D	Q,H,Q,H
gnl|Prokka|UHGG000299_1|56353|C	C	T	20	bi	0	311	0	71	0	16	0	4	CDS	UHGG000299_00053	3D	K,N,K,N
gnl|Prokka|UHGG000299_1|56359|T	T	C	22	bi	0	75	0	306	0	5	0	17	CDS	UHGG000299_00053	4D	G,G,G,G
gnl|Prokka|UHGG000299_1|56360|T	C	T	21	bi	0	309	0	74	0	16	0	5	CDS	UHGG000299_00053	2D	I,L,V,L
gnl|Prokka|UHGG000299_1|56362|A	G	A	21	bi	77	0	321	0	5	0	16	0	CDS	UHGG000299_00053	3D	L,F,L,F
gnl|Prokka|UHGG000299_1|57514|A	A	G	23	bi	161	0	208	0	13	0	10	0	CDS	UHGG000299_00055	1D	K,Q,E,_
gnl|Prokka|UHGG000299_1|57714|T	T	C	19	bi	0	22	0	338	0	2	0	17	CDS	UHGG000299_00055	3D	E,D,E,D
gnl|Prokka|UHGG000299_1|57729|A	A	G	18	bi	346	0	21	0	16	0	2	0	CDS	UHGG000299_00055	4D	A,A,A,A
gnl|Prokka|UHGG000299_1|57783|T	T	C	19	bi	0	112	0	259	0	8	0	11	CDS	UHGG000299_00055	4D	V,V,V,V
gnl|Prokka|UHGG000299_1|57940|A	A	C	22	bi	296	108	0	0	15	7	0	0	CDS	UHGG000299_00055	1D	I,L,V,F
gnl|Prokka|UHGG000299_1|57959|C	C	T	21	bi	0	371	0	22	0	19	0	2	CDS	UHGG000299_00055	1D	Y,S,C,F
gnl|Prokka|UHGG000299_1|57960|T	T	G	21	bi	0	0	22	377	0	0	2	19	CDS	UHGG000299_00055	4D	S,S,S,S
gnl|Prokka|UHGG000299_1|57972|A	G	A	22	bi	86	0	319	0	5	0	17	0	CDS	UHGG000299_00055	4D	T,T,T,T
gnl|Prokka|UHGG000299_1|59459|A	A	G	17	bi	202	0	134	0	10	0	7	0	CDS	UHGG000299_00056	1D	N,H,D,Y
gnl|Prokka|UHGG000299_1|59479|C	C	T	20	bi	0	283	0	75	0	15	0	5	CDS	UHGG000299_00056	4D	S,S,S,S
gnl|Prokka|UHGG000299_1|59582|G	G	T	17	bi	0	0	244	44	0	0	14	3	CDS	UHGG000299_00056	1D	N,H,D,Y
gnl|Prokka|UHGG000299_1|59584|C	C	T	16	bi	0	236	0	47	0	11	0	5	CDS	UHGG000299_00056	3D	E,D,E,D
gnl|Prokka|UHGG000299_1|59587|C	C	T	16	bi	0	235	0	50	0	11	0	5	CDS	UHGG000299_00056	3D	_,Y,_,Y
gnl|Prokka|UHGG000299_1|59596|T	T	C	17	bi	0	57	0	236	0	6	0	11	CDS	UHGG000299_00056	3D	E,D,E,D
gnl|Prokka|UHGG000299_1|59603|G	G	C	17	bi	0	52	240	0	0	3	14	0	CDS	UHGG000299_00056	2D	I,L,V,L
gnl|Prokka|UHGG000299_1|59605|A	A	G	17	bi	227	0	54	0	11	0	6	0	CDS	UHGG000299_00056	4D	V,V,V,V
gnl|Prokka|UHGG000299_1|59608|T	T	C	19	bi	0	59	0	237	0	6	0	13	CDS	UHGG000299_00056	3D	I,I,M,I
gnl|Prokka|UHGG000299_1|59617|C	C	T	16	bi	0	234	0	40	0	12	0	4	CDS	UHGG000299_00056	4D	G,G,G,G
gnl|Prokka|UHGG000299_1|59653|T	T	C	17	bi	0	12	0	298	0	2	0	15	CDS	UHGG000299_00056	3D	E,D,E,D
gnl|Prokka|UHGG000299_1|59722|C	C	T	16	bi	0	301	0	54	0	13	0	3	CDS	UHGG000299_00056	3D	K,N,K,N
gnl|Prokka|UHGG000299_1|59774|C	C	T	24	bi	0	387	0	12	0	22	0	2	CDS	UHGG000299_00056	1D	I,L,V,F
gnl|Prokka|UHGG000299_1|60189|G	G	A	18	bi	71	0	284	0	4	0	14	0	CDS	UHGG000299_00056	1D	H,P,R,L
gnl|Prokka|UHGG000299_1|60256|T	C	T	18	bi	0	131	0	216	0	9	0	9	IGR	None	None	None
gnl|Prokka|UHGG000299_1|60533|A	A	G	24	bi	290	0	78	0	19	0	5	0	CDS	UHGG000299_00057	4D	A,A,A,A
gnl|Prokka|UHGG000299_1|60611|A	G	A	22	bi	200	0	160	0	10	0	12	0	CDS	UHGG000299_00057	4D	P,P,P,P
gnl|Prokka|UHGG000299_1|60629|T	C	T	20	bi	0	180	0	207	0	11	0	9	CDS	UHGG000299_00057	3D	I,I,M,I
gnl|Prokka|UHGG000299_1|60698|T	T	C	24	bi	0	70	0	345	0	5	0	19	CDS	UHGG000299_00057	4D	L,L,L,L
gnl|Prokka|UHGG000299_1|60707|T	C	T	24	bi	0	179	0	237	0	12	0	12	CDS	UHGG000299_00057	3D	I,I,M,I
gnl|Prokka|UHGG000299_1|60881|C	C	T	24	bi	0	327	0	84	0	19	0	5	CDS	UHGG000299_00057	4D	T,T,T,T
gnl|Prokka|UHGG000299_1|60890|G	G	A	24	bi	72	0	320	0	4	0	20	0	CDS	UHGG000299_00057	4D	V,V,V,V
gnl|Prokka|UHGG000299_1|61232|A	G	A	22	bi	199	0	205	0	7	0	15	0	CDS	UHGG000299_00057	4D	P,P,P,P
gnl|Prokka|UHGG000299_1|61523|A	C	A	20	bi	77	286	0	0	7	14	0	0	CDS	UHGG000299_00057	4D	A,A,A,A
gnl|Prokka|UHGG000299_1|61535|C	C	T	21	bi	0	277	0	79	0	15	0	6	CDS	UHGG000299_00057	3D	K,N,K,N
gnl|Prokka|UHGG000299_1|61652|A	A	G	22	bi	247	0	69	0	16	0	6	0	CDS	UHGG000299_00057	4D	G,G,G,G
gnl|Prokka|UHGG000299_1|61655|C	T	C	22	bi	0	127	0	225	0	10	0	12	CDS	UHGG000299_00057	4D	L,L,L,L
gnl|Prokka|UHGG000299_1|61694|C	C	T	21	bi	0	306	0	47	0	18	0	3	CDS	UHGG000299_00057	3D	I,I,M,I
gnl|Prokka|UHGG000299_1|61770|C	C	A	25	bi	61	335	0	0	4	21	0	0	CDS	UHGG000299_00057	1D	I,L,V,F
gnl|Prokka|UHGG000299_1|62771|G	G	A	18	bi	85	0	291	0	7	0	12	0	CDS	UHGG000299_00058	4D	A,A,A,A
gnl|Prokka|UHGG000299_1|62774|A	A	G	18	bi	304	0	69	0	12	0	6	0	CDS	UHGG000299_00058	4D	V,V,V,V
gnl|Prokka|UHGG000299_1|62792|A	G	A	22	bi	217	0	181	0	6	0	16	0	CDS	UHGG000299_00058	3D	I,M,I,I
gnl|Prokka|UHGG000299_1|62846|A	A	T	22	bi	304	0	0	62	17	0	0	5	CDS	UHGG000299_00058	4D	G,G,G,G
gnl|Prokka|UHGG000299_1|62855|A	A	G	22	bi	382	0	24	0	19	0	3	0	CDS	UHGG000299_00058	4D	A,A,A,A
gnl|Prokka|UHGG000299_1|62858|C	C	T	23	bi	0	336	0	73	0	18	0	5	CDS	UHGG000299_00058	4D	A,A,A,A
gnl|Prokka|UHGG000299_1|62867|T	T	A	22	bi	66	0	0	332	5	0	0	17	CDS	UHGG000299_00058	4D	T,T,T,T
gnl|Prokka|UHGG000299_1|62870|C	C	T	22	bi	0	332	0	62	0	17	0	5	CDS	UHGG000299_00058	4D	P,P,P,P
gnl|Prokka|UHGG000299_1|63008|A	G	A	16	bi	78	0	243	0	4	0	12	0	CDS	UHGG000299_00058	3D	D,E,D,E
gnl|Prokka|UHGG000299_1|63026|G	A	G	18	bi	222	0	99	0	11	0	7	0	CDS	UHGG000299_00058	4D	R,R,R,R
gnl|Prokka|UHGG000299_1|63173|G	G	A	23	bi	204	0	118	0	11	0	12	0	CDS	UHGG000299_00058	4D	G,G,G,G
gnl|Prokka|UHGG000299_1|63329|G	G	A	20	bi	221	0	146	0	7	0	13	0	CDS	UHGG000299_00058	4D	A,A,A,A
gnl|Prokka|UHGG000299_1|63422|G	A	G	17	bi	222	0	104	0	9	0	8	0	CDS	UHGG000299_00058	3D	I,M,I,I
gnl|Prokka|UHGG000299_1|63425|C	C	T	19	bi	0	114	0	215	0	10	0	9	CDS	UHGG000299_00058	3D	D,E,D,E
gnl|Prokka|UHGG000299_1|63584|C	C	T	24	bi	0	296	0	67	0	19	0	5	CDS	UHGG000299_00058	3D	D,E,D,E
gnl|Prokka|UHGG000299_1|63620|C	C	A	22	bi	24	318	0	0	2	20	0	0	CDS	UHGG000299_00058	4D	G,G,G,G
gnl|Prokka|UHGG000299_1|63653|G	G	A	22	bi	163	0	201	0	5	0	17	0	CDS	UHGG000299_00058	3D	I,M,I,I
gnl|Prokka|UHGG000299_1|63716|G	G	A	18	bi	163	0	193	0	4	0	14	0	CDS	UHGG000299_00058	3D	F,L,F,L
gnl|Prokka|UHGG000299_1|63719|G	G	A	20	bi	162	0	203	0	5	0	15	0	CDS	UHGG000299_00058	3D	N,K,N,K
gnl|Prokka|UHGG000299_1|63746|A	A	G	20	bi	196	0	158	0	14	0	6	0	CDS	UHGG000299_00058	4D	A,A,A,A
gnl|Prokka|UHGG000299_1|63782|A	A	G	17	bi	252	0	76	0	14	0	3	0	CDS	UHGG000299_00058	2D	C,W,C,_
gnl|Prokka|UHGG000299_1|64325|T	T	C	19	bi	0	167	0	155	0	5	0	14	CDS	UHGG000299_00059	3D	_,Y,_,Y
gnl|Prokka|UHGG000299_1|64328|C	C	T	19	bi	0	160	0	178	0	14	0	5	CDS	UHGG000299_00059	3D	Q,H,Q,H
gnl|Prokka|UHGG000299_1|64400|A	A	G	21	bi	338	0	53	0	19	0	2	0	CDS	UHGG000299_00059	4D	A,A,A,A
gnl|Prokka|UHGG000299_1|64502|T	T	C	18	bi	0	197	0	148	0	4	0	14	CDS	UHGG000299_00059	3D	E,D,E,D
gnl|Prokka|UHGG000299_1|64700|T	T	C	20	bi	0	179	0	113	0	8	0	12	CDS	UHGG000299_00059	3D	L,F,L,F
gnl|Prokka|UHGG000299_1|64706|C	C	T	21	bi	0	242	0	53	0	18	0	3	CDS	UHGG000299_00059	3D	Q,H,Q,H
gnl|Prokka|UHGG000299_1|64715|T	T	C	21	bi	0	130	0	151	0	4	0	17	CDS	UHGG000299_00059	3D	R,S,R,S
gnl|Prokka|UHGG000299_1|64755|T	T	C	22	bi	0	84	0	199	0	5	0	17	IGR	None	None	None
gnl|Prokka|UHGG000299_1|64775|T	T	C	21	bi	0	42	0	236	0	2	0	19	IGR	None	None	None
gnl|Prokka|UHGG000299_1|64776|G	G	A	21	bi	41	0	241	0	2	0	19	0	IGR	None	None	None
gnl|Prokka|UHGG000299_1|64802|G	G	T	20	tri	0	90	169	26	0	3	13	4	IGR	None	None	None
gnl|Prokka|UHGG000299_1|64814|T	T	C	21	bi	0	88	0	192	0	3	0	18	IGR	None	None	None
gnl|Prokka|UHGG000299_1|64819|C	C	T	20	bi	0	256	0	27	0	16	0	4	IGR	None	None	None
gnl|Prokka|UHGG000299_1|64826|A	A	G	19	bi	174	0	90	0	16	0	3	0	IGR	None	None	None
gnl|Prokka|UHGG000299_1|64842|G	G	C	18	bi	0	110	162	0	0	3	15	0	IGR	None	None	None
gnl|Prokka|UHGG000299_1|64851|C	C	T	18	bi	0	166	0	119	0	15	0	3	IGR	None	None	None
gnl|Prokka|UHGG000299_1|64852|G	G	A	19	bi	122	0	166	0	3	0	16	0	IGR	None	None	None
gnl|Prokka|UHGG000299_1|64863|T	T	C	20	bi	0	149	0	175	0	4	0	16	IGR	None	None	None
gnl|Prokka|UHGG000299_1|64986|G	G	A	19	bi	214	0	108	0	6	0	13	0	CDS	UHGG000299_00060	1D	K,Q,E,_
gnl|Prokka|UHGG000299_1|65725|A	A	G	22	bi	335	0	95	0	16	0	6	0	CDS	UHGG000299_00061	4D	A,A,A,A
gnl|Prokka|UHGG000299_1|65749|G	G	A	23	bi	103	0	334	0	7	0	16	0	CDS	UHGG000299_00061	4D	A,A,A,A
gnl|Prokka|UHGG000299_1|65872|T	T	C	23	bi	0	67	0	299	0	3	0	20	CDS	UHGG000299_00061	3D	R,S,R,S
gnl|Prokka|UHGG000299_1|65950|T	T	G	23	bi	0	0	69	339	0	0	6	17	CDS	UHGG000299_00061	4D	S,S,S,S
gnl|Prokka|UHGG000299_1|66061|A	G	A	20	bi	171	0	194	0	6	0	14	0	CDS	UHGG000299_00061	3D	L,F,L,F
gnl|Prokka|UHGG000299_1|66094|A	A	G	17	bi	256	0	74	0	11	0	6	0	CDS	UHGG000299_00061	4D	A,A,A,A
gnl|Prokka|UHGG000299_1|66097|A	A	G	15	bi	247	0	67	0	10	0	5	0	CDS	UHGG000299_00061	3D	Q,H,Q,H
gnl|Prokka|UHGG000299_1|66352|T	C	T	21	bi	0	308	0	33	0	16	0	5	CDS	UHGG000299_00061	2D	_,C,W,C
gnl|Prokka|UHGG000299_1|66358|T	T	C	22	bi	0	102	0	228	0	9	0	13	CDS	UHGG000299_00061	4D	G,G,G,G
gnl|Prokka|UHGG000299_1|66403|C	C	T	20	bi	0	272	0	62	0	15	0	5	CDS	UHGG000299_00061	3D	I,I,M,I
gnl|Prokka|UHGG000299_1|66415|A	A	G	18	bi	261	0	77	0	13	0	5	0	CDS	UHGG000299_00061	3D	K,N,K,N
gnl|Prokka|UHGG000299_1|66442|A	A	C	21	bi	296	33	0	0	18	3	0	0	CDS	UHGG000299_00061	4D	V,V,V,V
gnl|Prokka|UHGG000299_1|66451|C	C	T	18	bi	0	266	0	33	0	13	0	5	CDS	UHGG000299_00061	4D	G,G,G,G
gnl|Prokka|UHGG000299_1|66478|G	G	A	21	bi	35	0	287	0	3	0	18	0	CDS	UHGG000299_00061	4D	A,A,A,A
gnl|Prokka|UHGG000299_1|66556|C	C	A	19	bi	45	189	0	0	6	13	0	0	CDS	UHGG000299_00061	4D	S,S,S,S
gnl|Prokka|UHGG000299_1|66562|A	A	G	21	bi	149	0	80	0	16	0	5	0	CDS	UHGG000299_00061	4D	P,P,P,P
gnl|Prokka|UHGG000299_1|66565|A	G	A	19	bi	24	0	193	0	3	0	16	0	CDS	UHGG000299_00061	3D	L,F,L,F
gnl|Prokka|UHGG000299_1|66610|T	T	A	14	bi	53	0	0	95	6	0	0	8	CDS	UHGG000299_00061	4D	G,G,G,G
gnl|Prokka|UHGG000299_1|67708|T	T	C	20	bi	0	23	0	238	0	4	0	16	CDS	UHGG000299_00062	4D	G,G,G,G
gnl|Prokka|UHGG000299_1|67726|G	G	A	22	bi	76	0	237	0	8	0	14	0	CDS	UHGG000299_00062	3D	K,N,K,N
gnl|Prokka|UHGG000299_1|67912|T	T	C	22	bi	0	62	0	294	0	4	0	18	CDS	UHGG000299_00062	3D	I,I,M,I
gnl|Prokka|UHGG000299_1|67981|T	T	C	21	bi	0	20	0	338	0	2	0	19	CDS	UHGG000299_00062	3D	K,N,K,N
gnl|Prokka|UHGG000299_1|68044|T	T	C	20	bi	0	164	0	168	0	5	0	15	CDS	UHGG000299_00062	3D	K,N,K,N
gnl|Prokka|UHGG000299_1|68047|G	G	A	20	bi	141	0	193	0	2	0	18	0	CDS	UHGG000299_00062	3D	Q,H,Q,H
gnl|Prokka|UHGG000299_1|68056|C	C	T	21	bi	0	338	0	10	0	19	0	2	CDS	UHGG000299_00062	3D	R,S,R,S
gnl|Prokka|UHGG000299_1|68086|A	G	A	20	bi	179	0	165	0	5	0	15	0	CDS	UHGG000299_00062	4D	T,T,T,T
gnl|Prokka|UHGG000299_1|68194|C	C	T	26	bi	0	290	0	120	0	15	0	11	CDS	UHGG000299_00062	4D	L,L,L,L
gnl|Prokka|UHGG000299_1|68243|G	G	A	23	bi	188	0	194	0	3	0	20	0	CDS	UHGG000299_00062	2D	I,L,V,L
gnl|Prokka|UHGG000299_1|68265|G	G	A	23	bi	200	0	209	0	2	0	21	0	CDS	UHGG000299_00062	1D	E,A,G,V
gnl|Prokka|UHGG000299_1|68443|T	C	T	19	bi	0	180	0	199	0	15	0	4	CDS	UHGG000299_00062	3D	L,F,L,F
gnl|Prokka|UHGG000299_1|68473|T	T	A	20	bi	31	0	0	318	4	0	0	16	CDS	UHGG000299_00062	4D	G,G,G,G
gnl|Prokka|UHGG000299_1|68497|G	G	A	21	bi	30	0	341	0	3	0	18	0	CDS	UHGG000299_00062	4D	P,P,P,P
gnl|Prokka|UHGG000299_1|68509|A	A	G	20	bi	285	0	80	0	14	0	6	0	CDS	UHGG000299_00062	4D	L,L,L,L
gnl|Prokka|UHGG000299_1|68557|A	G	A	20	bi	81	0	290	0	7	0	13	0	CDS	UHGG000299_00062	4D	V,V,V,V
gnl|Prokka|UHGG000299_1|68566|A	A	G	19	bi	339	0	44	0	14	0	5	0	CDS	UHGG000299_00062	4D	P,P,P,P
gnl|Prokka|UHGG000299_1|68590|T	C	T	16	bi	0	94	0	206	0	8	0	8	CDS	UHGG000299_00062	4D	G,G,G,G
gnl|Prokka|UHGG000299_1|68602|T	T	C	17	bi	0	81	0	294	0	5	0	12	CDS	UHGG000299_00062	3D	L,F,L,F
gnl|Prokka|UHGG000299_1|68794|G	A	G	17	bi	243	0	19	0	15	0	2	0	IGR	None	None	None
gnl|Prokka|UHGG000299_1|68795|G	A	G	16	bi	227	0	19	0	14	0	2	0	IGR	None	None	None
gnl|Prokka|UHGG000299_1|68816|A	C	A	15	bi	14	204	0	0	2	13	0	0	IGR	None	None	None
gnl|Prokka|UHGG000299_1|68821|A	C	A	14	bi	15	203	0	0	2	12	0	0	IGR	None	None	None
gnl|Prokka|UHGG000299_1|68978|T	C	T	19	bi	0	279	0	47	0	16	0	3	IGR	None	None	None
gnl|Prokka|UHGG000299_1|68979|C	C	T	19	bi	0	324	0	12	0	17	0	2	IGR	None	None	None
gnl|Prokka|UHGG000299_1|69021|G	G	T	22	bi	0	0	308	53	0	0	18	4	IGR	None	None	None
gnl|Prokka|UHGG000299_1|69031|T	T	A	20	bi	46	0	0	304	3	0	0	17	IGR	None	None	None
gnl|Prokka|UHGG000299_1|69567|G	C	G	25	bi	0	343	65	0	0	17	8	0	CDS	UHGG000299_00063	4D	P,P,P,P
gnl|Prokka|UHGG000299_1|69771|A	G	A	22	bi	150	0	207	0	3	0	19	0	CDS	UHGG000299_00063	4D	A,A,A,A
gnl|Prokka|UHGG000299_1|69791|A	A	G	22	bi	346	0	18	0	20	0	2	0	CDS	UHGG000299_00063	1D	Q,P,R,L
gnl|Prokka|UHGG000299_1|69858|G	G	T	23	bi	0	0	319	95	0	0	16	7	CDS	UHGG000299_00063	3D	E,D,E,D
gnl|Prokka|UHGG000299_1|69885|T	T	C	23	bi	0	14	0	394	0	2	0	21	CDS	UHGG000299_00063	3D	E,D,E,D
gnl|Prokka|UHGG000299_1|69906|A	A	G	23	bi	407	0	15	0	21	0	2	0	CDS	UHGG000299_00063	4D	P,P,P,P
gnl|Prokka|UHGG000299_1|70002|A	A	G	21	bi	126	0	270	0	11	0	10	0	CDS	UHGG000299_00063	4D	G,G,G,G
gnl|Prokka|UHGG000299_1|70122|G	G	A	21	bi	15	0	351	0	2	0	19	0	CDS	UHGG000299_00063	4D	R,R,R,R
gnl|Prokka|UHGG000299_1|70173|C	T	C	22	bi	0	112	0	248	0	10	0	12	CDS	UHGG000299_00063	3D	I,I,M,I
gnl|Prokka|UHGG000299_1|70347|C	C	A	20	bi	58	267	0	0	4	16	0	0	CDS	UHGG000299_00063	3D	I,I,M,I
gnl|Prokka|UHGG000299_1|70365|C	C	T	16	bi	0	240	0	65	0	11	0	5	CDS	UHGG000299_00063	3D	R,S,R,S
gnl|Prokka|UHGG000299_1|70392|A	A	G	20	bi	336	0	10	0	18	0	2	0	IGR	None	None	None
gnl|Prokka|UHGG000299_1|70403|T	T	G	17	bi	0	0	11	309	0	0	2	15	IGR	None	None	None
gnl|Prokka|UHGG000299_1|70465|T	C	T	22	bi	0	340	0	50	0	15	0	8	CDS	UHGG000299_00064	4D	T,T,T,T
gnl|Prokka|UHGG000299_1|70489|A	A	G	20	bi	371	0	12	0	18	0	2	0	CDS	UHGG000299_00064	4D	T,T,T,T
gnl|Prokka|UHGG000299_1|70603|G	G	A	24	bi	18	0	416	0	2	0	22	0	CDS	UHGG000299_00064	4D	V,V,V,V
gnl|Prokka|UHGG000299_1|70604|C	C	T	24	bi	0	420	0	18	0	22	0	2	CDS	UHGG000299_00064	2D	I,L,V,L
gnl|Prokka|UHGG000299_1|70666|C	A	C	20	bi	268	102	0	0	12	9	0	0	CDS	UHGG000299_00064	4D	A,A,A,A
gnl|Prokka|UHGG000299_1|70928|G	A	G	21	bi	158	0	123	0	12	0	9	0	CDS	UHGG000299_00064	2D	M,L,V,L
gnl|Prokka|UHGG000299_1|70929|T	C	T	21	bi	0	159	0	113	0	12	0	9	CDS	UHGG000299_00064	1D	E,A,G,V
gnl|Prokka|UHGG000299_1|70940|G	T	G	23	bi	0	0	126	168	0	0	10	13	CDS	UHGG000299_00064	1D	T,P,A,S
gnl|Prokka|UHGG000299_1|70954|T	A	T	22	bi	180	0	0	130	11	0	0	11	CDS	UHGG000299_00064	4D	G,G,G,G
gnl|Prokka|UHGG000299_1|70960|C	C	T	22	bi	0	138	0	198	0	11	0	11	CDS	UHGG000299_00064	4D	S,S,S,S
gnl|Prokka|UHGG000299_1|70978|G	G	A	24	bi	14	0	345	0	2	0	22	0	CDS	UHGG000299_00064	4D	T,T,T,T
gnl|Prokka|UHGG000299_1|71062|C	T	C	23	bi	0	50	0	324	0	5	0	18	CDS	UHGG000299_00064	3D	I,I,M,I
gnl|Prokka|UHGG000299_1|71079|G	A	G	23	bi	343	0	42	0	19	0	4	0	CDS	UHGG000299_00064	1D	E,A,G,V
gnl|Prokka|UHGG000299_1|71463|G	G	A	19	bi	17	0	365	0	2	0	17	0	IGR	None	None	None
gnl|Prokka|UHGG000299_1|71914|C	C	T	23	bi	0	382	0	19	0	20	0	3	CDS	UHGG000299_00066	3D	L,F,L,F
gnl|Prokka|UHGG000299_1|72109|G	A	G	21	bi	337	0	24	0	19	0	2	0	CDS	UHGG000299_00066	3D	K,N,K,N
gnl|Prokka|UHGG000299_1|72265|C	C	T	25	bi	0	469	0	15	0	23	0	2	CDS	UHGG000299_00066	3D	E,D,E,D
gnl|Prokka|UHGG000299_1|72268|C	C	T	24	bi	0	438	0	26	0	21	0	3	CDS	UHGG000299_00066	4D	G,G,G,G
gnl|Prokka|UHGG000299_1|72471|C	C	T	22	bi	0	263	0	115	0	11	0	11	CDS	UHGG000299_00066	1D	E,A,G,V
gnl|Prokka|UHGG000299_1|72475|T	C	T	21	bi	0	263	0	109	0	12	0	9	CDS	UHGG000299_00066	3D	I,I,M,I
gnl|Prokka|UHGG000299_1|72484|C	T	C	21	bi	0	104	0	249	0	9	0	12	CDS	UHGG000299_00066	3D	E,D,E,D
gnl|Prokka|UHGG000299_1|72547|G	G	A	17	bi	191	0	118	0	7	0	10	0	CDS	UHGG000299_00066	3D	K,N,K,N
gnl|Prokka|UHGG000299_1|72592|T	C	T	21	bi	0	347	0	32	0	18	0	3	CDS	UHGG000299_00066	3D	K,N,K,N
gnl|Prokka|UHGG000299_1|72604|C	T	C	19	bi	0	128	0	231	0	9	0	10	CDS	UHGG000299_00066	3D	E,D,E,D
gnl|Prokka|UHGG000299_1|72616|G	A	G	21	bi	256	0	142	0	11	0	10	0	CDS	UHGG000299_00066	3D	E,D,E,D
gnl|Prokka|UHGG000299_1|72718|A	G	A	26	bi	31	0	381	0	4	0	23	0	CDS	UHGG000299_00066	3D	E,D,E,D
gnl|Prokka|UHGG000299_1|72781|G	G	A	24	bi	84	0	305	0	5	0	19	0	CDS	UHGG000299_00066	4D	A,A,A,A
gnl|Prokka|UHGG000299_1|73252|T	T	C	23	bi	0	56	0	359	0	3	0	20	CDS	UHGG000299_00067	4D	S,S,S,S
gnl|Prokka|UHGG000299_1|73429|T	C	T	19	bi	0	358	0	17	0	17	0	2	CDS	UHGG000299_00067	4D	A,A,A,A
gnl|Prokka|UHGG000299_1|73606|A	A	G	24	bi	348	0	111	0	17	0	7	0	CDS	UHGG000299_00067	3D	K,N,K,N
gnl|Prokka|UHGG000299_1|73648|A	A	G	25	bi	368	0	73	0	20	0	5	0	CDS	UHGG000299_00067	3D	E,D,E,D
gnl|Prokka|UHGG000299_1|73681|C	C	G	24	bi	0	356	49	0	0	21	3	0	CDS	UHGG000299_00067	4D	V,V,V,V
gnl|Prokka|UHGG000299_1|73914|A	A	G	19	bi	310	0	73	0	14	0	5	0	CDS	UHGG000299_00068	4D	V,V,V,V
gnl|Prokka|UHGG000299_1|73929|C	C	T	20	bi	0	324	0	68	0	16	0	4	CDS	UHGG000299_00068	4D	A,A,A,A
gnl|Prokka|UHGG000299_1|73944|T	T	C	22	bi	0	220	0	196	0	6	0	16	CDS	UHGG000299_00068	4D	V,V,V,V
gnl|Prokka|UHGG000299_1|74016|T	T	C	24	bi	0	61	0	354	0	4	0	20	CDS	UHGG000299_00068	3D	E,D,E,D
gnl|Prokka|UHGG000299_1|74109|C	C	T	24	bi	0	354	0	65	0	21	0	3	CDS	UHGG000299_00068	4D	S,S,S,S
gnl|Prokka|UHGG000299_1|74625|C	T	C	25	bi	0	133	0	274	0	12	0	14	CDS	UHGG000299_00068	3D	I,I,M,I
gnl|Prokka|UHGG000299_1|74658|T	T	C	24	bi	0	75	0	319	0	5	0	19	CDS	UHGG000299_00068	3D	I,I,M,I
gnl|Prokka|UHGG000299_1|74667|G	A	G	23	bi	267	0	101	0	15	0	8	0	CDS	UHGG000299_00068	3D	Q,H,Q,H
gnl|Prokka|UHGG000299_1|74673|G	G	A	23	bi	74	0	317	0	5	0	18	0	CDS	UHGG000299_00068	3D	K,N,K,N
gnl|Prokka|UHGG000299_1|74682|A	T	A	23	bi	116	0	0	269	11	0	0	13	CDS	UHGG000299_00068	4D	V,V,V,V
gnl|Prokka|UHGG000299_1|75163|A	A	G	18	bi	125	0	253	0	9	0	9	0	IGR	None	None	None
gnl|Prokka|UHGG000299_1|75460|T	T	C	19	bi	0	60	0	303	0	3	0	16	CDS	UHGG000299_00069	3D	E,D,E,D
gnl|Prokka|UHGG000299_1|75588|A	A	G	22	bi	323	0	10	0	20	0	2	0	CDS	UHGG000299_00069	1D	D,A,G,V
gnl|Prokka|UHGG000299_1|75595|C	T	C	23	bi	0	120	0	224	0	11	0	12	CDS	UHGG000299_00069	2D	_,C,W,C
gnl|Prokka|UHGG000299_1|75637|G	A	G	22	bi	279	0	98	0	14	0	8	0	CDS	UHGG000299_00069	4D	P,P,P,P
gnl|Prokka|UHGG000299_1|75661|T	C	T	22	bi	0	281	0	131	0	12	0	10	CDS	UHGG000299_00069	4D	A,A,A,A
gnl|Prokka|UHGG000299_1|75667|C	C	T	25	bi	0	350	0	100	0	19	0	6	CDS	UHGG000299_00069	3D	L,F,L,F
gnl|Prokka|UHGG000299_1|75670|G	A	G	25	bi	313	0	144	0	14	0	11	0	CDS	UHGG000299_00069	3D	R,S,R,S
gnl|Prokka|UHGG000299_1|75715|G	A	G	23	bi	271	0	131	0	13	0	10	0	CDS	UHGG000299_00069	4D	G,G,G,G
gnl|Prokka|UHGG000299_1|75766|G	A	G	22	bi	267	0	123	0	12	0	10	0	CDS	UHGG000299_00069	4D	S,S,S,S
gnl|Prokka|UHGG000299_1|75769|A	T	A	22	bi	125	0	0	274	10	0	0	12	CDS	UHGG000299_00069	4D	L,L,L,L
gnl|Prokka|UHGG000299_1|75774|A	G	A	21	bi	120	0	267	0	10	0	11	0	CDS	UHGG000299_00069	1D	N,T,S,I
